,Modelo,Pooling,out_emb_size,epochs,qtd_layers,nhid,STS12,STS13,STS14,STS15,STS16,Avg
0,bert-base,CLS_LYR-7,torch.Size([768]),1,12,0,28.74085237784586,18.409039927799842,27.95641055695517,31.630078914891723,37.98410695817501,28.94409774713352
1,bert-base,AVG_LYR-7,torch.Size([768]),1,12,0,52.58140392223456,46.156436012763955,57.64255861088977,64.1491176541891,62.086338396863894,56.52317091938826
2,bert-base,SUM_LYR-7,torch.Size([768]),1,12,0,52.581402295666166,46.15644310607494,57.64256073287824,64.14912165898001,62.08633719467282,56.523172997654434
3,bert-base,MAX_LYR-7,torch.Size([768]),1,12,0,49.68508752675288,42.25926925676657,56.92477191817055,60.45239380780415,55.74778970842289,53.01386244358341
4,bert-base,AVG-NS_LYR-7,torch.Size([768]),1,12,0,53.01426257069398,47.61121191230422,58.499816770728806,64.37398913414663,61.59810121972089,57.0194763215189
5,bert-base,SUM-NS_LYR-7,torch.Size([768]),1,12,0,53.01426609641413,47.611217367931104,58.49981626468214,64.37399014463811,61.59810420781761,57.019478816296626
6,bert-base,MAX-NS_LYR-7,torch.Size([768]),1,12,0,48.43168352979461,42.03962459691293,55.79400549040532,59.18417456745415,53.867516230882984,51.86340088309
7,bert-base,CLS+AVG_LYR-7,torch.Size([1536]),1,12,0,40.282760524780784,29.572399149569595,41.754792317668716,46.70405230672584,50.81502029207654,41.825804918164295
8,bert-base,CLS+SUM_LYR-7,torch.Size([1536]),1,12,0,52.41564330807035,45.60537620056364,57.281740464521434,64.00121591372223,62.02063688480774,56.26492255433709
9,bert-base,CLS+MAX_LYR-7,torch.Size([1536]),1,12,0,46.14672628683832,35.35011499118445,50.5036138236067,54.501908476619974,54.172051550835974,48.13488302581709
10,bert-base,CLS+AVG-NS_LYR-7,torch.Size([1536]),1,12,0,41.65273324919443,31.465685666322834,43.54155580444495,48.2461993992109,51.68394995747796,43.31802481533021
11,bert-base,CLS+SUM-NS_LYR-7,torch.Size([1536]),1,12,0,52.84925366243376,46.946244857057955,58.10207693502613,64.26733416973607,61.63110816437081,56.759203557724945
12,bert-base,CLS+MAX-NS_LYR-7,torch.Size([1536]),1,12,0,45.851392402103706,35.75001140427936,50.41204560014585,54.309040467879896,53.435766884625814,47.95165135180693
13,bert-base,DY3_LYR-7,torch.Size([2304]),1,12,0,43.36717376514641,22.371667435160703,38.68361947546807,50.517386913873054,41.610402638521016,39.31005004563385
14,bert-base,DY3-NS_LYR-7,torch.Size([2304]),1,12,0,44.5077524012862,26.332633455574005,41.57662489509999,50.97323456719113,44.583302931870925,41.59470965020445
15,bert-base,DY5_LYR-7,torch.Size([3840]),1,12,0,38.99188895828228,18.531232069116644,31.508016545371603,43.61446552691583,29.19699312283574,32.36851924450442
16,bert-base,DY5-NS_LYR-7,torch.Size([3840]),1,12,0,41.06377689221713,23.832618854149533,32.11490283491089,46.03215245738177,36.20713022070684,35.85011625187323
17,bert-base,CLS_LYR-8,torch.Size([768]),1,12,0,25.6438836570149,17.146708521448325,25.311319033634856,27.047382255047275,33.67080878810151,25.764020451049372
18,bert-base,AVG_LYR-8,torch.Size([768]),1,12,0,51.65313227987104,45.89868071139776,56.73310710164438,63.29366093686109,60.897060766877665,55.69512835933038
19,bert-base,SUM_LYR-8,torch.Size([768]),1,12,0,51.65313496355537,45.89868489082743,56.73310453731919,63.29365916048031,60.89705385360793,55.695127481158046
20,bert-base,MAX_LYR-8,torch.Size([768]),1,12,0,49.23374097691749,40.68738589438648,55.77605192741757,60.543330857873315,56.31589946899658,52.511281825118296
21,bert-base,AVG-NS_LYR-8,torch.Size([768]),1,12,0,52.04922263028971,47.0180574590876,57.610297542970876,63.68211683253754,60.49333954972036,56.17060680292121
22,bert-base,SUM-NS_LYR-8,torch.Size([768]),1,12,0,52.04921587510316,47.01805870310758,57.61029659300988,63.68211660763413,60.493348653405135,56.17060728645198
23,bert-base,MAX-NS_LYR-8,torch.Size([768]),1,12,0,47.91953532316551,41.018765765568574,54.86284694432078,59.05036895778386,54.290463264683886,51.428396051104514
24,bert-base,CLS+AVG_LYR-8,torch.Size([1536]),1,12,0,38.440945789357464,29.31152927988203,40.523680266781895,45.055052113711085,48.82860022164665,40.43196153427582
25,bert-base,CLS+SUM_LYR-8,torch.Size([1536]),1,12,0,51.501627903046696,45.398132063792254,56.397531573221514,63.176769273243295,60.860102192312894,55.466832601123336
26,bert-base,CLS+MAX_LYR-8,torch.Size([1536]),1,12,0,44.668028869134716,34.05568306007577,48.2871494534061,53.33917251630882,53.33614581360515,46.73723594250611
27,bert-base,CLS+AVG-NS_LYR-8,torch.Size([1536]),1,12,0,39.83598811870208,31.009743384231676,42.36126419282132,46.83405498723719,49.85613280338173,41.9794366972748
28,bert-base,CLS+SUM-NS_LYR-8,torch.Size([1536]),1,12,0,51.907436090565206,46.41920559772028,57.236307522542795,63.59735377713231,60.55238989790374,55.942538577172876
29,bert-base,CLS+MAX-NS_LYR-8,torch.Size([1536]),1,12,0,44.442939242157166,34.86358073678619,48.50562353702414,53.232706865268284,52.756469230062294,46.76026392225962
30,bert-base,DY3_LYR-8,torch.Size([2304]),1,12,0,43.46730638931675,23.525835907616074,38.882652534804826,50.91479956582725,41.89471900105115,39.73706267972321
31,bert-base,DY3-NS_LYR-8,torch.Size([2304]),1,12,0,44.616305813664425,27.171479079297907,41.408181761015484,51.352400934310104,44.904498814699586,41.89057328059751
32,bert-base,DY5_LYR-8,torch.Size([3840]),1,12,0,39.56899630472866,19.851106229224676,31.59358166980399,44.83650776970742,30.362244959346356,33.24248738656222
33,bert-base,DY5-NS_LYR-8,torch.Size([3840]),1,12,0,41.45979959333109,24.76816004360347,31.98166989695141,46.93526006541761,37.469285060272504,36.52283493191521
34,bert-base,CLS_LYR-9,torch.Size([768]),1,12,0,26.305143517686442,18.876752797070058,25.994437691685697,28.63853309452623,35.54506079754908,27.0719855797035
35,bert-base,AVG_LYR-9,torch.Size([768]),1,12,0,47.53642940052451,45.664017284274536,54.18487541233118,62.43343584174621,59.53673592413566,53.87109877260242
36,bert-base,SUM_LYR-9,torch.Size([768]),1,12,0,47.53642961109074,45.66401105683933,54.18487382589494,62.43343512481809,59.536731866500034,53.87109629702862
37,bert-base,MAX_LYR-9,torch.Size([768]),1,12,0,47.16111023979819,39.840014204548204,53.323546211945605,59.89158822612003,55.18521445464016,51.08029466741044
38,bert-base,AVG-NS_LYR-9,torch.Size([768]),1,12,0,48.554119808493795,46.91992163935111,55.384730740893126,63.295691555189215,59.625325627869806,54.75595787435941
39,bert-base,SUM-NS_LYR-9,torch.Size([768]),1,12,0,48.554116647737885,46.919930487425,55.384733340763944,63.29568858721488,59.625322655874804,54.75595834380331
40,bert-base,MAX-NS_LYR-9,torch.Size([768]),1,12,0,46.110020328646215,40.379591221605395,52.94971187518646,58.887288347107855,53.928118952889925,50.450946145087165
41,bert-base,CLS+AVG_LYR-9,torch.Size([1536]),1,12,0,35.67887409471705,29.625801669180845,38.0024566785692,44.425523683441675,48.05102872333599,39.15673696984895
42,bert-base,CLS+SUM_LYR-9,torch.Size([1536]),1,12,0,47.37555368177312,45.2237720357817,53.87541736558558,62.28394011387983,59.46774320078012,53.64528527956006
43,bert-base,CLS+MAX_LYR-9,torch.Size([1536]),1,12,0,41.44240399373677,32.58671290861335,44.254298622450875,50.23099052885793,50.83325345297076,43.86953190132594
44,bert-base,CLS+AVG-NS_LYR-9,torch.Size([1536]),1,12,0,36.92718801958207,31.113318321047334,39.53988189797095,46.043132212935454,49.10932228570133,40.54656854744743
45,bert-base,CLS+SUM-NS_LYR-9,torch.Size([1536]),1,12,0,48.36930392389889,46.38038445958723,55.0236369813519,63.148483631747524,59.60302474563879,54.50496674844487
46,bert-base,CLS+MAX-NS_LYR-9,torch.Size([1536]),1,12,0,41.44865717904073,33.35315240556051,44.72038032144645,50.42091335068116,50.726928239224534,44.13400629919067
47,bert-base,DY3_LYR-9,torch.Size([2304]),1,12,0,42.94664817822514,25.857504296924628,40.26809375723566,53.37218264128154,42.77494293830281,41.04387436239396
48,bert-base,DY3-NS_LYR-9,torch.Size([2304]),1,12,0,44.2313202249183,29.13562795199749,42.38331226750554,53.863410314491134,45.70632232774613,43.06399861733172
49,bert-base,DY5_LYR-9,torch.Size([3840]),1,12,0,39.746404448907725,22.50222330785415,32.883531667233974,48.08018436464912,31.921693508012787,35.02680745933155
50,bert-base,DY5-NS_LYR-9,torch.Size([3840]),1,12,0,41.54321796338047,26.552961487309222,33.06587332145166,49.76145809284171,38.92643701678505,37.969989576353626
51,bert-base,CLS_LYR-10,torch.Size([768]),1,12,0,25.495362399918665,18.543605043546176,25.825569679021314,29.310579235351348,36.25159457772419,27.08534218711234
52,bert-base,AVG_LYR-10,torch.Size([768]),1,12,0,48.02913934969968,51.5283749592116,56.67521103836107,63.52845336015653,63.6016743646479,56.67257061441536
53,bert-base,SUM_LYR-10,torch.Size([768]),1,12,0,48.029141827819984,51.528374259011855,56.675211226743414,63.52845404022934,63.601668448156104,56.67256996039214
54,bert-base,MAX_LYR-10,torch.Size([768]),1,12,0,47.305994440278454,46.40150438278041,55.718693393321374,61.59980821528919,60.15793142063027,54.23678637045994
55,bert-base,AVG-NS_LYR-10,torch.Size([768]),1,12,0,49.30029520159268,52.80776192022421,58.07938674730693,64.42060509062064,63.93193845219933,57.70799748238876
56,bert-base,SUM-NS_LYR-10,torch.Size([768]),1,12,0,49.30029218696668,52.807763882683254,58.0793841294595,64.42060340416364,63.93193994859099,57.70799671037281
57,bert-base,MAX-NS_LYR-10,torch.Size([768]),1,12,0,46.48151510295063,46.498393630297876,55.41060443327993,60.7150021970652,59.00791621328122,53.62268631537497
58,bert-base,CLS+AVG_LYR-10,torch.Size([1536]),1,12,0,35.73155184009549,32.39374217646898,39.41353929844653,46.06082517378678,50.89243966436532,40.898419630632624
59,bert-base,CLS+SUM_LYR-10,torch.Size([1536]),1,12,0,47.8952807584308,51.11396603228599,56.40795010402735,63.396929020042215,63.533827451103676,56.469590673178004
60,bert-base,CLS+MAX_LYR-10,torch.Size([1536]),1,12,0,40.567093915117844,35.24097985429807,44.99708283128145,51.2767475386243,54.15449618866498,45.24728006559733
61,bert-base,CLS+AVG-NS_LYR-10,torch.Size([1536]),1,12,0,37.038701817280284,34.215603637038434,41.108021953773594,47.63288806930793,52.17196525323955,42.43343614612796
62,bert-base,CLS+SUM-NS_LYR-10,torch.Size([1536]),1,12,0,49.12646846317347,52.33464235959037,57.7779895646603,64.29370993820946,63.90050876168495,57.48666381746371
63,bert-base,CLS+MAX-NS_LYR-10,torch.Size([1536]),1,12,0,40.81866498688484,35.99420439074868,45.668420750056335,51.63758806129108,54.30957051174076,45.68568974014434
64,bert-base,DY3_LYR-10,torch.Size([2304]),1,12,0,44.40265347449848,32.02736775864757,43.63287001744919,55.37494616059915,46.72001135835644,44.43156975391016
65,bert-base,DY3-NS_LYR-10,torch.Size([2304]),1,12,0,45.75716902592547,35.1015174977263,45.665381675766525,55.80069448405071,49.756847389824784,46.41632201465876
66,bert-base,DY5_LYR-10,torch.Size([3840]),1,12,0,41.30857112838487,28.993145442827768,36.248521343096854,50.671270819217774,35.99354338720989,38.64301042414743
67,bert-base,DY5-NS_LYR-10,torch.Size([3840]),1,12,0,42.90960665736721,31.180876452677726,36.7548985171112,52.02076995704539,42.99740320228883,41.17271095729807
68,bert-base,CLS_LYR-11,torch.Size([768]),1,12,0,25.2731004014695,18.775475418006696,27.651187978366128,34.49296074074274,40.4321303306865,29.324970973854313
69,bert-base,AVG_LYR-11,torch.Size([768]),1,12,0,47.2918074083832,49.563310308450134,56.051700642172676,62.02008677458784,63.37350823687453,55.66008267409368
70,bert-base,SUM_LYR-11,torch.Size([768]),1,12,0,47.2918063834522,49.56330975624439,56.05170304920861,62.02008913498812,63.373512411491916,55.66008414707704
71,bert-base,MAX_LYR-11,torch.Size([768]),1,12,0,46.55324192819973,46.41296128675968,55.27270284257189,60.53026379169678,60.670539990388995,53.88794196792342
72,bert-base,AVG-NS_LYR-11,torch.Size([768]),1,12,0,48.41783459236236,50.74797116758357,57.284784321864294,62.83697517991729,63.61512046701083,56.58053714574767
73,bert-base,SUM-NS_LYR-11,torch.Size([768]),1,12,0,48.41783128392615,50.74796925053743,57.284780898414475,62.83697364284001,63.61512649283879,56.58053631371138
74,bert-base,MAX-NS_LYR-11,torch.Size([768]),1,12,0,45.70053719728911,46.22278141575962,54.8071051706828,59.885763615994605,59.568767974373706,53.23699107481997
75,bert-base,CLS+AVG_LYR-11,torch.Size([1536]),1,12,0,36.65521119391186,34.28084599791357,42.27859880687006,50.25865022456101,54.79678757650167,43.65401875995163
76,bert-base,CLS+SUM_LYR-11,torch.Size([1536]),1,12,0,47.17754824139034,49.263569106057744,55.84281055010444,61.91555702648402,63.31949651916575,55.50379628864046
77,bert-base,CLS+MAX_LYR-11,torch.Size([1536]),1,12,0,40.253498976810754,36.521363956327995,46.23755136206598,53.19511156775789,56.73716800125085,46.588938772842695
78,bert-base,CLS+AVG-NS_LYR-11,torch.Size([1536]),1,12,0,37.90451098037773,36.078024216594606,43.876772634903865,51.51426147938001,55.8760766605856,45.04992919436837
79,bert-base,CLS+SUM-NS_LYR-11,torch.Size([1536]),1,12,0,48.22789585478549,50.40406652245175,57.03966537720536,62.720895010229526,63.57472851696884,56.393450256328194
80,bert-base,CLS+MAX-NS_LYR-11,torch.Size([1536]),1,12,0,40.20276508790454,36.86136389331172,46.44523571722777,53.18848691295466,56.506140661123816,46.6407984545045
81,bert-base,DY3_LYR-11,torch.Size([2304]),1,12,0,44.333072557733374,29.023233772594608,42.27534428615382,53.86743627483524,45.86009156545286,43.07183569135399
82,bert-base,DY3-NS_LYR-11,torch.Size([2304]),1,12,0,45.41995328866257,32.013171982132974,44.010492839069485,54.00640227993346,49.02271754951542,44.89454758786278
83,bert-base,DY5_LYR-11,torch.Size([3840]),1,12,0,41.757682223115836,27.136428264550855,35.63075658171322,49.193734014910596,34.49272008660971,37.64226423418005
84,bert-base,DY5-NS_LYR-11,torch.Size([3840]),1,12,0,42.91789279395678,29.207332119085965,35.85078297816991,50.306615621671746,42.07215471478036,40.07095564553295
85,bert-base,CLS_LYR-12,torch.Size([768]),1,12,0,27.580966381822286,22.518090723511154,25.630336026555174,32.111130867235374,42.688012601524846,30.105707320129767
86,bert-base,AVG_LYR-12,torch.Size([768]),1,12,0,46.873426737597704,52.772561383216946,57.15178990658495,63.46988592624945,64.50983989302246,56.9555007693343
87,bert-base,SUM_LYR-12,torch.Size([768]),1,12,0,46.87342392894919,52.77256099427987,57.15179171981723,63.46988617911246,64.50984255208627,56.95550107484901
88,bert-base,MAX_LYR-12,torch.Size([768]),1,12,0,45.74129919567012,45.185135101656314,54.261276928279415,60.76408948470024,60.639378299757055,53.31823580201262
89,bert-base,AVG-NS_LYR-12,torch.Size([768]),1,12,0,47.76602738747312,53.667865231557656,58.02425533651521,64.13983108381483,64.71289878619248,57.66217556511067
90,bert-base,SUM-NS_LYR-12,torch.Size([768]),1,12,0,47.766025759048205,53.6678612791357,58.024254591203054,64.13983035693853,64.71289797558599,57.66217399238229
91,bert-base,MAX-NS_LYR-12,torch.Size([768]),1,12,0,45.13981036460759,44.63727666121724,53.788719393339846,60.368608060763286,58.76291439314135,52.53946577461386
92,bert-base,CLS+AVG_LYR-12,torch.Size([1536]),1,12,0,37.00995171551499,35.7428321134223,40.10159434431641,47.28814412619755,55.746043670424875,43.17771319397522
93,bert-base,CLS+SUM_LYR-12,torch.Size([1536]),1,12,0,46.84511421390201,52.301736242537714,56.87752929285933,63.36548526569173,64.55111187542555,56.788195378083266
94,bert-base,CLS+MAX_LYR-12,torch.Size([1536]),1,12,0,40.21851123360209,36.93523368216437,43.849018486523335,51.30427249982004,57.58065663507641,45.977538507437245
95,bert-base,CLS+AVG-NS_LYR-12,torch.Size([1536]),1,12,0,37.80976543925275,36.781217668236906,41.2414750815294,48.241875413252345,56.38474712096355,44.091816144646984
96,bert-base,CLS+SUM-NS_LYR-12,torch.Size([1536]),1,12,0,47.75958974368162,53.133456696571876,57.71014900088056,64.02565403500859,64.78500533114446,57.482770961457426
97,bert-base,CLS+MAX-NS_LYR-12,torch.Size([1536]),1,12,0,40.60702165130036,37.519029764788044,44.55700745188584,52.0250409048224,57.25033549813452,46.39168705418623
98,bert-base,DY3_LYR-12,torch.Size([2304]),1,12,0,45.55705503304862,35.245496986212274,45.70516965628874,57.07017063407499,49.30658754641993,46.57689597120891
99,bert-base,DY3-NS_LYR-12,torch.Size([2304]),1,12,0,45.9025262273876,35.3732480259153,46.135606594009765,56.40860818891606,50.92298577950213,46.94859496314617
100,bert-base,DY5_LYR-12,torch.Size([3840]),1,12,0,42.799211997749254,29.903717565695143,37.583104455701196,50.93126875381018,34.87714687029324,39.2188899286498
101,bert-base,DY5-NS_LYR-12,torch.Size([3840]),1,12,0,42.92541572244796,33.50910050217708,37.45924332545508,51.86237840785458,43.12807852126751,41.77684329584044
102,bert-base,CLS_SUML4L,torch.Size([768]),1,12,0,26.077213385068337,20.899848176488852,27.325380370996587,31.928049473091836,38.39175821434957,28.92444992399904
103,bert-base,AVG_SUML4L,torch.Size([768]),1,12,0,48.5511378665844,50.964559086567526,57.24709580064052,63.94847548223168,63.743700637991864,56.8909937748032
104,bert-base,SUM_SUML4L,torch.Size([768]),1,12,0,48.551136362719895,50.96456117735806,57.24709550208884,63.94847323161894,63.743706682728984,56.89099459130294
105,bert-base,MAX_SUML4L,torch.Size([768]),1,12,0,48.35006627442063,46.28597127540588,56.54091878440962,62.31239147057105,60.90878946894552,54.87962745475054
106,bert-base,AVG-NS_SUML4L,torch.Size([768]),1,12,0,49.622776539008626,52.00719903534213,58.36554636335235,64.68783352879711,63.86638651362567,57.70994839602518
107,bert-base,SUM-NS_SUML4L,torch.Size([768]),1,12,0,49.62277406195721,52.0071940746217,58.365544931586534,64.68783479912845,63.86639314659421,57.70994820277762
108,bert-base,MAX-NS_SUML4L,torch.Size([768]),1,12,0,47.39706365288573,46.108122712391825,55.98093179168361,61.548458265763,59.661579154231035,54.13923111539104
109,bert-base,CLS+AVG_SUML4L,torch.Size([1536]),1,12,0,37.455630370706665,35.475024949297485,42.34272055428585,49.54889217006219,53.88430882756816,43.74131537438407
110,bert-base,CLS+SUM_SUML4L,torch.Size([1536]),1,12,0,48.43058267202155,50.5961127726539,57.015421730185246,63.84762175423309,63.707984345268976,56.71954465487255
111,bert-base,CLS+MAX_SUML4L,torch.Size([1536]),1,12,0,42.450902330285075,37.484824081090835,47.69100516869023,54.268594896707235,57.024127798031834,47.783890854961044
112,bert-base,CLS+AVG-NS_SUML4L,torch.Size([1536]),1,12,0,38.737302208430144,37.14032745363418,43.96189476512005,50.962645456728396,54.93927939380774,45.1482898555441
113,bert-base,CLS+SUM-NS_SUML4L,torch.Size([1536]),1,12,0,49.46878693379509,51.57590845036939,58.101749254255864,64.58751278735845,63.86437191003138,57.51966586716203
114,bert-base,CLS+MAX-NS_SUML4L,torch.Size([1536]),1,12,0,42.442295786780846,37.90868262812459,47.98306736064249,54.39949195204522,56.77830745020245,47.90236903555912
115,bert-base,DY3_SUML4L,torch.Size([2304]),1,12,0,44.75371044674272,30.721441283004193,43.345819373030665,55.28589810827803,45.99033813155358,44.01944146852183
116,bert-base,DY3-NS_SUML4L,torch.Size([2304]),1,12,0,45.87521407731188,33.41123708396568,45.03295527685942,55.43826038276514,48.8805039720901,45.727634158598434
117,bert-base,DY5_SUML4L,torch.Size([3840]),1,12,0,41.559389939224104,27.45180331857527,35.78597016085226,50.29100515525934,34.281395050569664,37.87391272489613
118,bert-base,DY5-NS_SUML4L,torch.Size([3840]),1,12,0,42.88865300391169,30.051555304634835,36.04233132458454,51.53714749913527,41.794619425501516,40.46286131155357
119,bert-base,CLS_AVGL4L,torch.Size([768]),1,12,0,26.077213385068337,20.899848176488852,27.325380370996587,31.928049473091836,38.39175821434957,28.92444992399904
120,bert-base,AVG_AVGL4L,torch.Size([768]),1,12,0,48.5511378665844,50.964559086567526,57.24709580064052,63.94847548223168,63.743700637991864,56.8909937748032
121,bert-base,SUM_AVGL4L,torch.Size([768]),1,12,0,48.551136362719895,50.96456117735806,57.24709550208884,63.94847323161894,63.743706682728984,56.89099459130294
122,bert-base,MAX_AVGL4L,torch.Size([768]),1,12,0,48.35006627442063,46.28597127540588,56.54091878440962,62.31239147057105,60.90878946894552,54.87962745475054
123,bert-base,AVG-NS_AVGL4L,torch.Size([768]),1,12,0,49.622776539008626,52.00719903534213,58.36554636335235,64.68783352879711,63.86638651362567,57.70994839602518
124,bert-base,SUM-NS_AVGL4L,torch.Size([768]),1,12,0,49.62277406195721,52.0071940746217,58.365544931586534,64.68783479912845,63.86639314659421,57.70994820277762
125,bert-base,MAX-NS_AVGL4L,torch.Size([768]),1,12,0,47.39706365288573,46.108122712391825,55.98093179168361,61.548458265763,59.661579154231035,54.13923111539104
126,bert-base,CLS+AVG_AVGL4L,torch.Size([1536]),1,12,0,37.455630370706665,35.475024949297485,42.34272055428585,49.54889217006219,53.88430882756816,43.74131537438407
127,bert-base,CLS+SUM_AVGL4L,torch.Size([1536]),1,12,0,48.43058267202155,50.5961127726539,57.015421730185246,63.84762175423309,63.707984345268976,56.71954465487255
128,bert-base,CLS+MAX_AVGL4L,torch.Size([1536]),1,12,0,42.450902330285075,37.484824081090835,47.69100516869023,54.268594896707235,57.024127798031834,47.783890854961044
129,bert-base,CLS+AVG-NS_AVGL4L,torch.Size([1536]),1,12,0,38.737302208430144,37.14032745363418,43.96189476512005,50.962645456728396,54.93927939380774,45.1482898555441
130,bert-base,CLS+SUM-NS_AVGL4L,torch.Size([1536]),1,12,0,49.46878693379509,51.57590845036939,58.101749254255864,64.58751278735845,63.86437191003138,57.51966586716203
131,bert-base,CLS+MAX-NS_AVGL4L,torch.Size([1536]),1,12,0,42.442295786780846,37.90868262812459,47.98306736064249,54.39949195204522,56.77830745020245,47.90236903555912
132,bert-base,DY3_AVGL4L,torch.Size([2304]),1,12,0,44.75371044674272,30.721441283004193,43.345819373030665,55.28589810827803,45.99033813155358,44.01944146852183
133,bert-base,DY3-NS_AVGL4L,torch.Size([2304]),1,12,0,45.87521407731188,33.41123708396568,45.03295527685942,55.43826038276514,48.8805039720901,45.727634158598434
134,bert-base,DY5_AVGL4L,torch.Size([3840]),1,12,0,41.559389939224104,27.45180331857527,35.78597016085226,50.29100515525934,34.281395050569664,37.87391272489613
135,bert-base,DY5-NS_AVGL4L,torch.Size([3840]),1,12,0,42.88865300391169,30.051555304634835,36.04233132458454,51.53714749913527,41.794619425501516,40.46286131155357
136,bert-base,CLS_SUMALL,torch.Size([768]),1,12,0,28.716809604578643,22.326764510459054,28.261288248868414,31.53861380020692,39.89986086647423,30.148667406117454
137,bert-base,AVG_SUMALL,torch.Size([768]),1,12,0,56.37921021302953,53.57216795877283,62.08705385128604,67.71500365678426,65.96406685478028,61.14350050693059
138,bert-base,SUM_SUMALL,torch.Size([768]),1,12,0,56.37921076031007,53.57217701659268,62.08705359555603,67.71500172182448,65.96405789329735,61.14350019751612
139,bert-base,MAX_SUMALL,torch.Size([768]),1,12,0,55.349261232738,50.525685869864525,63.07859447068046,66.44283702620284,65.65853707787404,60.21098313547198
140,bert-base,AVG-NS_SUMALL,torch.Size([768]),1,12,0,56.48921409794314,54.26190568028398,62.54270039384794,67.44247306797874,65.01654218983649,61.15056708597806
141,bert-base,SUM-NS_SUMALL,torch.Size([768]),1,12,0,56.48921246450935,54.26190374631573,62.542697935650914,67.44247115330575,65.01654880155694,61.15056682026774
142,bert-base,MAX-NS_SUMALL,torch.Size([768]),1,12,0,54.21610043510228,50.03823803051333,61.94943680768262,65.27253171355687,64.24961101252845,59.14518359987672
143,bert-base,CLS+AVG_SUMALL,torch.Size([1536]),1,12,0,48.5415165959671,43.586220785077174,52.516914786059765,57.97605642676113,60.35948664938523,52.596039048650084
144,bert-base,CLS+SUM_SUMALL,torch.Size([1536]),1,12,0,56.26561198645194,53.032440393270456,61.83127068669838,67.66278208656318,65.96205336192445,60.95083170298168
145,bert-base,CLS+MAX_SUMALL,torch.Size([1536]),1,12,0,54.45835808489077,46.941095483186785,60.53146511051439,65.37255616537051,66.11137054685294,58.68296907816307
146,bert-base,CLS+AVG-NS_SUMALL,torch.Size([1536]),1,12,0,49.81637795237729,45.58104304301664,54.276748754176886,59.24699830431256,60.67111057071612,53.918455724919895
147,bert-base,CLS+SUM-NS_SUMALL,torch.Size([1536]),1,12,0,56.38663395398107,53.64500623966278,62.27903330673734,67.43869196178271,65.15869402118187,60.98161189666915
148,bert-base,CLS+MAX-NS_SUMALL,torch.Size([1536]),1,12,0,53.87855964210664,46.82155775738905,59.92642291777076,64.70178854946775,65.34827973478947,58.13532172030474
149,bert-base,DY3_SUMALL,torch.Size([2304]),1,12,0,44.6861421080966,25.447736695742414,39.329009924384614,50.32535880659502,40.30078754925526,40.017807016814785
150,bert-base,DY3-NS_SUMALL,torch.Size([2304]),1,12,0,46.13653832084529,29.858665943667113,42.50490731804184,51.11684023767828,43.87279694562775,42.697949753172054
151,bert-base,DY5_SUMALL,torch.Size([3840]),1,12,0,40.393594432822674,21.26460727446876,31.804841587973776,43.26757815674213,26.275395745908924,32.60120343958325
152,bert-base,DY5-NS_SUMALL,torch.Size([3840]),1,12,0,42.550267650210735,26.250849250058366,33.24791567955972,45.97045764749282,34.477762358110944,36.499450517086515
153,bert-base,CLS_AVGALL,torch.Size([768]),1,12,0,28.716791258458585,22.326763919718736,28.261287680422715,31.53860545345385,39.89981207090193,30.14865207659117
154,bert-base,AVG_AVGALL,torch.Size([768]),1,12,0,56.37920801227126,53.57216631204446,62.087056909781026,67.71499855423154,65.9640664537794,61.14349924842154
155,bert-base,SUM_AVGALL,torch.Size([768]),1,12,0,56.379211107401495,53.57217725373166,62.08705136541091,67.71499777444538,65.96406133678033,61.143499767553955
156,bert-base,MAX_AVGALL,torch.Size([768]),1,12,0,55.34926225952346,50.525677520430534,63.07859408450645,66.44282911658466,65.65853698398378,60.21097999300578
157,bert-base,AVG-NS_AVGALL,torch.Size([768]),1,12,0,56.48921726682954,54.26191191594296,62.542699413039585,67.44247028216836,65.01655691929034,61.15057115945416
158,bert-base,SUM-NS_AVGALL,torch.Size([768]),1,12,0,56.489214570378174,54.26190889128081,62.54270249798785,67.44247327118309,65.01653875348067,61.15056759686212
159,bert-base,MAX-NS_AVGALL,torch.Size([768]),1,12,0,54.2160983009278,50.03824181340066,61.949435623546364,65.27253302371984,64.24961519286693,59.14518479089232
160,bert-base,CLS+AVG_AVGALL,torch.Size([1536]),1,12,0,48.541513132865596,43.58622846460571,52.51689976311245,57.976028908136456,60.35946212089257,52.59602647792256
161,bert-base,CLS+SUM_AVGALL,torch.Size([1536]),1,12,0,56.265618933893556,53.032444610936146,61.8312671739745,67.66278190001496,65.96206781153035,60.9508360860699
162,bert-base,CLS+MAX_AVGALL,torch.Size([1536]),1,12,0,54.45834692475776,46.94109227181165,60.53146938475553,65.37256473503349,66.11139123158247,58.68297290958817
163,bert-base,CLS+AVG-NS_AVGALL,torch.Size([1536]),1,12,0,49.816373584437095,45.58105572990011,54.27674264988608,59.24700130945961,60.671107896114805,53.918456233959546
164,bert-base,CLS+SUM-NS_AVGALL,torch.Size([1536]),1,12,0,56.3866305778878,53.645004309267854,62.2790315189209,67.43869531254131,65.15869553227536,60.98161145017865
165,bert-base,CLS+MAX-NS_AVGALL,torch.Size([1536]),1,12,0,53.878568247968836,46.8215672625169,59.92641906137438,64.70178786180746,65.34829554736001,58.135327596205514
166,bert-base,DY3_AVGALL,torch.Size([2304]),1,12,0,44.68614033423234,25.447734357545315,39.329012828185824,50.32535685729521,40.30078730611796,40.017806336675335
167,bert-base,DY3-NS_AVGALL,torch.Size([2304]),1,12,0,46.136540627895414,29.858665027963255,42.504906109624024,51.11683985841287,43.872796838457724,42.69794969247066
168,bert-base,DY5_AVGALL,torch.Size([3840]),1,12,0,40.39359050185075,21.264607139651556,31.804839756174726,43.26757824740161,26.27539440505931,32.60120201002759
169,bert-base,DY5-NS_AVGALL,torch.Size([3840]),1,12,0,42.550267735464416,26.250851211216762,33.24791760891845,45.97045861182556,34.477757880565356,36.49945060959811
170,roberta-base,CLS_LYR-7,torch.Size([768]),1,12,0,40.8608488130135,16.816606067418025,30.986028500897177,35.435144308699016,38.43660558050946,32.507046654107434
171,roberta-base,AVG_LYR-7,torch.Size([768]),1,12,0,30.77165610633997,11.541578084731167,16.727359634998315,28.052509350323056,36.89673714073507,24.797968063425515
172,roberta-base,SUM_LYR-7,torch.Size([768]),1,12,0,30.77164264846347,11.541611009688578,16.727392518952257,28.052396307778913,36.896758811398975,24.79796025925644
173,roberta-base,MAX_LYR-7,torch.Size([768]),1,12,0,51.147139087922454,35.63285491551001,53.175879874056676,61.94702074143606,59.876169527464974,52.35581282927804
174,roberta-base,AVG-NS_LYR-7,torch.Size([768]),1,12,0,30.589397042829624,11.608587755857975,16.734784704368288,27.937976052757946,36.905824463599764,24.755314003882724
175,roberta-base,SUM-NS_LYR-7,torch.Size([768]),1,12,0,30.589400711394465,11.6086465165222,16.73483480206421,27.937948694543596,36.90575605442015,24.755317355788925
176,roberta-base,MAX-NS_LYR-7,torch.Size([768]),1,12,0,35.94863759997587,32.68069997067698,41.53434815085529,38.62577611127518,49.99902538739066,39.7576974440348
177,roberta-base,CLS+AVG_LYR-7,torch.Size([1536]),1,12,0,31.270151440954873,11.84886099089179,17.181905043950067,28.453116154267878,37.06631343351512,25.164069412715946
178,roberta-base,CLS+SUM_LYR-7,torch.Size([1536]),1,12,0,30.775760456387935,11.539129288773076,16.72765964830436,28.051922719264883,36.89694117248632,24.798282657043316
179,roberta-base,CLS+MAX_LYR-7,torch.Size([1536]),1,12,0,50.64435169712931,34.42743905237014,52.04062239220865,60.814881905022645,59.48337344788427,51.48213369892299
180,roberta-base,CLS+AVG-NS_LYR-7,torch.Size([1536]),1,12,0,31.122359586234648,11.926684143098031,17.20148394021371,28.337956948977467,37.060115333506914,25.12971999040615
181,roberta-base,CLS+SUM-NS_LYR-7,torch.Size([1536]),1,12,0,30.593707822528227,11.605898778866043,16.735007694337156,27.937216044198205,36.90634092762717,24.75563425351136
182,roberta-base,CLS+MAX-NS_LYR-7,torch.Size([1536]),1,12,0,35.67724818817226,31.930542737054964,40.71285828192362,38.063847337976064,50.01821727528489,39.280542764082355
183,roberta-base,DY3_LYR-7,torch.Size([2304]),1,12,0,34.83402597771739,4.493450361204906,12.404405596378872,23.12651018889386,13.208378191602623,17.61335406315953
184,roberta-base,DY3-NS_LYR-7,torch.Size([2304]),1,12,0,33.52817833365938,8.8172774341884,11.40639424221579,21.985267851801726,15.794006076627841,18.30622478769863
185,roberta-base,DY5_LYR-7,torch.Size([3840]),1,12,0,33.88981244903872,3.2521969651548854,15.499128016096053,14.85929801360481,15.43811536547489,16.587710161873872
186,roberta-base,DY5-NS_LYR-7,torch.Size([3840]),1,12,0,33.485925345105,0.3507542330484059,8.440064122521472,22.47204179552374,21.940737237799066,17.33790454679954
187,roberta-base,CLS_LYR-8,torch.Size([768]),1,12,0,31.851331123762893,14.397508580589166,25.766224821668004,27.857158856497342,29.21533069248342,25.817510815000162
188,roberta-base,AVG_LYR-8,torch.Size([768]),1,12,0,30.272770484661375,11.20083690718933,16.503933098841493,27.488025364986544,37.555004684275296,24.604114107990807
189,roberta-base,SUM_LYR-8,torch.Size([768]),1,12,0,30.272741447268558,11.200825053071544,16.50399818418328,27.48795801556624,37.554986851886326,24.60410191039519
190,roberta-base,MAX_LYR-8,torch.Size([768]),1,12,0,49.92693616185715,33.507775948054636,51.98592629863915,59.73212050745429,58.53520051437785,50.73759188607661
191,roberta-base,AVG-NS_LYR-8,torch.Size([768]),1,12,0,30.100187033483817,11.247108586628359,16.49857185618876,27.36747284123297,37.604154762954366,24.563499016097655
192,roberta-base,SUM-NS_LYR-8,torch.Size([768]),1,12,0,30.10020551854638,11.247147048159638,16.49864687878309,27.367497905844502,37.60410112694493,24.563519695655707
193,roberta-base,MAX-NS_LYR-8,torch.Size([768]),1,12,0,31.232499344544134,29.482012510421768,37.13282872987706,32.62458262819404,45.83715005857514,35.26181465432243
194,roberta-base,CLS+AVG_LYR-8,torch.Size([1536]),1,12,0,30.761239780658617,11.504457433742386,16.957280670524266,27.723666881977003,37.73083730552858,24.93549641448617
195,roberta-base,CLS+SUM_LYR-8,torch.Size([1536]),1,12,0,30.276796799457596,11.198788775802775,16.504396091052243,27.487463291197745,37.55552114014489,24.604593219531047
196,roberta-base,CLS+MAX_LYR-8,torch.Size([1536]),1,12,0,49.50968606587331,32.40823148359845,50.92518189943983,58.54898139015331,58.128254646409296,49.90406709709483
197,roberta-base,CLS+AVG-NS_LYR-8,torch.Size([1536]),1,12,0,30.643364080284368,11.560981466132969,16.967799228807305,27.60574216645839,37.754764853277656,24.906530358992136
198,roberta-base,CLS+SUM-NS_LYR-8,torch.Size([1536]),1,12,0,30.104467815533127,11.244873745194273,16.498959362377224,27.366805800800943,37.604976875315536,24.564016719844222
199,roberta-base,CLS+MAX-NS_LYR-8,torch.Size([1536]),1,12,0,31.088729988839102,28.931785543797435,36.51278884956729,32.13822163938413,45.92544172750029,34.919393549817656
200,roberta-base,DY3_LYR-8,torch.Size([2304]),1,12,0,34.670331420720366,4.046063133655829,12.230174613382793,22.810120086530112,13.546245727529813,17.46058699636378
201,roberta-base,DY3-NS_LYR-8,torch.Size([2304]),1,12,0,33.31447679893121,8.421001413025834,11.136753142716389,21.584005021608597,16.019323590838333,18.09511199342407
202,roberta-base,DY5_LYR-8,torch.Size([3840]),1,12,0,33.6204664316654,2.8371128801547743,15.471345068308494,14.438775979714913,15.948616088267622,16.46326328962224
203,roberta-base,DY5-NS_LYR-8,torch.Size([3840]),1,12,0,33.30572879570899,-0.0031379425901423286,8.14478802375278,22.211196625128277,22.330740383513458,17.197863177102672
204,roberta-base,CLS_LYR-9,torch.Size([768]),1,12,0,25.416486108724996,12.195313917331935,19.962668466315947,23.994092785661543,24.46045486543792,21.20580322869447
205,roberta-base,AVG_LYR-9,torch.Size([768]),1,12,0,30.457893163082662,11.156179515262227,16.11316590952729,26.644470657087904,37.457884003786106,24.36591864974924
206,roberta-base,SUM_LYR-9,torch.Size([768]),1,12,0,30.457949987066492,11.15621422733321,16.11311854959279,26.64450977932318,37.45790927648153,24.365940363959442
207,roberta-base,MAX_LYR-9,torch.Size([768]),1,12,0,50.084856689579624,33.66461784285428,52.76793968627679,60.818233739636,58.131025801149306,51.09333475189921
208,roberta-base,AVG-NS_LYR-9,torch.Size([768]),1,12,0,30.308663667068885,11.1983106993355,16.114499107118128,26.50276569978889,37.48270015384565,24.32138786543141
209,roberta-base,SUM-NS_LYR-9,torch.Size([768]),1,12,0,30.30870507112926,11.198318152803555,16.11441845647864,26.502728362455723,37.48264496507493,24.321363001588423
210,roberta-base,MAX-NS_LYR-9,torch.Size([768]),1,12,0,31.34845576746278,29.56324197140761,37.86613009257951,33.14709376173603,45.81662146981695,35.54830861260058
211,roberta-base,CLS+AVG_LYR-9,torch.Size([1536]),1,12,0,30.836161551213337,11.4279927649864,16.520912195540426,26.86465600751254,37.5432996677674,24.63860443740402
212,roberta-base,CLS+SUM_LYR-9,torch.Size([1536]),1,12,0,30.46130757630326,11.1542383384377,16.11345487489962,26.644021801107986,37.45822116403867,24.366248750957446
213,roberta-base,CLS+MAX_LYR-9,torch.Size([1536]),1,12,0,49.80226664302309,32.61756752679905,51.71536550134913,59.70227142457192,57.77391044484309,50.32227630811725
214,roberta-base,CLS+AVG-NS_LYR-9,torch.Size([1536]),1,12,0,30.75163894272156,11.480520391827769,16.538344830287564,26.726532210623443,37.54439606521557,24.608286488135185
215,roberta-base,CLS+SUM-NS_LYR-9,torch.Size([1536]),1,12,0,30.312405082865062,11.196130781922736,16.114822424122323,26.502039354966943,37.48323545414509,24.32172661960443
216,roberta-base,CLS+MAX-NS_LYR-9,torch.Size([1536]),1,12,0,31.260087794363677,29.065744591274573,37.22768442522635,32.72091986042546,45.87632370719206,35.230152075696424
217,roberta-base,DY3_LYR-9,torch.Size([2304]),1,12,0,34.74515702576293,4.173610479502201,12.151870418698863,22.591138975952255,13.780091450579441,17.48837367009914
218,roberta-base,DY3-NS_LYR-9,torch.Size([2304]),1,12,0,33.47959428897612,8.559474950131229,11.092848946276328,21.454538343121115,16.064911421193763,18.13027358993971
219,roberta-base,DY5_LYR-9,torch.Size([3840]),1,12,0,33.70297518935722,2.9223038683659848,15.282286682436377,14.529918049861662,16.056368066373484,16.498770371278944
220,roberta-base,DY5-NS_LYR-9,torch.Size([3840]),1,12,0,33.592453080236254,0.27659086171447267,8.123750819696001,22.045888803549467,22.383808462479248,17.28449840553509
221,roberta-base,CLS_LYR-10,torch.Size([768]),1,12,0,25.66154366937227,13.239114845119332,23.648037195801567,29.21417557817104,30.154487311063594,24.38347171990556
222,roberta-base,AVG_LYR-10,torch.Size([768]),1,12,0,29.979548443779024,9.036031848985449,13.466871634709824,23.689012026505736,33.26447933156068,21.887188657108144
223,roberta-base,SUM_LYR-10,torch.Size([768]),1,12,0,29.97956392715002,9.036081766659098,13.4668342274996,23.689071197203965,33.264431106652665,21.887196445033073
224,roberta-base,MAX_LYR-10,torch.Size([768]),1,12,0,48.88304368476856,31.982161448561016,50.444997973126334,60.138890709684624,57.05229318331575,49.700277399891256
225,roberta-base,AVG-NS_LYR-10,torch.Size([768]),1,12,0,29.83846798883062,9.017253371543935,13.432921285694533,23.54161196964446,33.2936810327293,21.82478712968857
226,roberta-base,SUM-NS_LYR-10,torch.Size([768]),1,12,0,29.83842563631557,9.017217278625987,13.432923304465627,23.541603958089123,33.29362921209591,21.824759877918442
227,roberta-base,MAX-NS_LYR-10,torch.Size([768]),1,12,0,31.31652887042734,28.795186570690372,36.15585400666847,31.889558234436116,45.21654435428424,34.67473440730131
228,roberta-base,CLS+AVG_LYR-10,torch.Size([1536]),1,12,0,29.920760980678075,9.281083476806888,13.745659002041652,24.02531021442628,33.60456889991416,22.115476514773412
229,roberta-base,CLS+SUM_LYR-10,torch.Size([1536]),1,12,0,29.98201705264619,9.033676109263096,13.466680649740258,23.688485674571595,33.265462296719676,21.88726435658816
230,roberta-base,CLS+MAX_LYR-10,torch.Size([1536]),1,12,0,48.62973883538771,30.96542771226561,49.393159566773214,58.94269226033331,56.62756425849847,48.91171652665166
231,roberta-base,CLS+AVG-NS_LYR-10,torch.Size([1536]),1,12,0,29.861156275135205,9.29666837290385,13.743424742098817,23.88851263628564,33.612129573809185,22.08037832004654
232,roberta-base,CLS+SUM-NS_LYR-10,torch.Size([1536]),1,12,0,29.841263289437396,9.014744073721648,13.43277176445931,23.540838107711302,33.294998477592266,21.824923142584385
233,roberta-base,CLS+MAX-NS_LYR-10,torch.Size([1536]),1,12,0,31.264501153460834,28.280719697993355,35.57510736385629,31.434824826574587,45.24756069003077,34.36054274638317
234,roberta-base,DY3_LYR-10,torch.Size([2304]),1,12,0,33.72450856443885,3.1801860160788418,10.483066376866452,21.056686489364623,11.47523736501633,15.983936962353019
235,roberta-base,DY3-NS_LYR-10,torch.Size([2304]),1,12,0,32.6860049625559,7.199202396962384,9.611816686936187,20.10284813733741,13.484503150025667,16.61687506676351
236,roberta-base,DY5_LYR-10,torch.Size([3840]),1,12,0,33.10191352480602,1.8852136059732005,13.425520684972728,14.039094614104764,13.283636875934073,15.147075861158157
237,roberta-base,DY5-NS_LYR-10,torch.Size([3840]),1,12,0,33.2155056192944,-0.13987249735239737,6.984139883303571,20.70115739474991,20.077131320501255,16.167612344099346
238,roberta-base,CLS_LYR-11,torch.Size([768]),1,12,0,39.118937803234324,18.078108398370222,36.842815987615054,40.307417861248496,46.58917606839611,36.187291223772846
239,roberta-base,AVG_LYR-11,torch.Size([768]),1,12,0,30.147157961051956,9.051141084841296,14.273210010737444,24.675236238039894,34.229264062833344,22.475201871500786
240,roberta-base,SUM_LYR-11,torch.Size([768]),1,12,0,30.147115898121367,9.05113224308507,14.273242537718925,24.675172885311937,34.229351285402664,22.475202969927995
241,roberta-base,MAX_LYR-11,torch.Size([768]),1,12,0,47.55561008494567,31.174194000320064,49.2377065109641,59.000364034728335,57.02690204710172,48.79895533561198
242,roberta-base,AVG-NS_LYR-11,torch.Size([768]),1,12,0,30.00044342986497,9.036011318883215,14.243972074488715,24.59698822886937,34.29521698934843,22.434526408290942
243,roberta-base,SUM-NS_LYR-11,torch.Size([768]),1,12,0,30.000514102755165,9.036002887962598,14.243998497829876,24.597016220336904,34.295250995994586,22.434556540975827
244,roberta-base,MAX-NS_LYR-11,torch.Size([768]),1,12,0,30.567925399894445,28.675928022880175,35.591813762041,32.36356833100941,44.57435965725558,34.35471903461612
245,roberta-base,CLS+AVG_LYR-11,torch.Size([1536]),1,12,0,30.270054970261445,9.354158684340792,14.692067823533392,25.165367248485467,34.63351825314552,22.823033395953324
246,roberta-base,CLS+SUM_LYR-11,torch.Size([1536]),1,12,0,30.14961691675908,9.048844256253501,14.273157818836916,24.6747106532029,34.23010617727634,22.475287164465747
247,roberta-base,CLS+MAX_LYR-11,torch.Size([1536]),1,12,0,47.28790764922356,30.228118560810447,48.232229553692704,57.80800654371916,56.58307945638137,48.02786835276545
248,roberta-base,CLS+AVG-NS_LYR-11,torch.Size([1536]),1,12,0,30.19362534962867,9.373745826773845,14.687688661836306,25.08381286355205,34.66299940186183,22.80037442073054
249,roberta-base,CLS+SUM-NS_LYR-11,torch.Size([1536]),1,12,0,30.003243411438252,9.033691136596062,14.24386808661822,24.596451363110134,34.296194181478455,22.434689635848223
250,roberta-base,CLS+MAX-NS_LYR-11,torch.Size([1536]),1,12,0,30.542610695770072,28.19129181008906,35.05351596307811,31.86571289039516,44.6050437380879,34.05163501948406
251,roberta-base,DY3_LYR-11,torch.Size([2304]),1,12,0,34.07695615606966,3.23144444166276,10.98168171836924,21.688779997136063,11.922043375165341,16.380181137680616
252,roberta-base,DY3-NS_LYR-11,torch.Size([2304]),1,12,0,32.93869140566294,7.232318283962541,10.192530405065362,20.732518932373985,13.984708007355524,17.01615340688407
253,roberta-base,DY5_LYR-11,torch.Size([3840]),1,12,0,33.35926166501708,2.17569719536894,13.814355676121833,14.449252022128139,13.470404377442643,15.45379418721573
254,roberta-base,DY5-NS_LYR-11,torch.Size([3840]),1,12,0,33.515991892572714,0.259076656911957,7.506259341135878,21.26755291581171,20.402178564878078,16.59021187426207
255,roberta-base,CLS_LYR-12,torch.Size([768]),1,12,0,42.39987837939451,30.316179175401036,42.74141143540249,51.081813902450016,55.791830250450914,44.466222628619796
256,roberta-base,AVG_LYR-12,torch.Size([768]),1,12,0,28.668962994800978,8.794273228060439,13.986372368616731,23.78794308812028,34.54801009543572,21.95711235500683
257,roberta-base,SUM_LYR-12,torch.Size([768]),1,12,0,28.668958371130294,8.794309254067278,13.986377547132792,23.787974564189195,34.54801239839933,21.95712642698378
258,roberta-base,MAX_LYR-12,torch.Size([768]),1,12,0,44.355195310197104,31.5156824893911,42.708805784474265,48.14192156222485,49.424400326132776,43.22920109448402
259,roberta-base,AVG-NS_LYR-12,torch.Size([768]),1,12,0,28.56402783478601,8.714619422047043,13.895837282965726,23.679445307893467,34.4889407251164,21.86857411456173
260,roberta-base,SUM-NS_LYR-12,torch.Size([768]),1,12,0,28.564022481160002,8.714638453873597,13.895803001488213,23.67937132802694,34.488909725301035,21.86854899796996
261,roberta-base,MAX-NS_LYR-12,torch.Size([768]),1,12,0,34.63014548003959,30.977633202048533,36.19517939109411,32.48058362528659,45.10373291010259,35.87745492171428
262,roberta-base,CLS+AVG_LYR-12,torch.Size([1536]),1,12,0,30.202529760162257,10.141235326840237,15.724161901868255,25.892718139619397,36.095409559779824,23.611210937653993
263,roberta-base,CLS+SUM_LYR-12,torch.Size([1536]),1,12,0,28.672246524344676,8.795586028854844,13.98835655414549,23.78936605529823,34.54969694040928,21.959050420610502
264,roberta-base,CLS+MAX_LYR-12,torch.Size([1536]),1,12,0,43.909749344860614,30.821572072258153,41.79068850572176,46.75210485788356,49.21610695566485,42.49804434727779
265,roberta-base,CLS+AVG-NS_LYR-12,torch.Size([1536]),1,12,0,30.068671010162763,9.988776313694766,15.57677267676352,25.700480400652904,35.93884959382877,23.454709999020544
266,roberta-base,CLS+SUM-NS_LYR-12,torch.Size([1536]),1,12,0,28.56749600738989,8.715867498739227,13.89783078714488,23.680692102091648,34.49079695397238,21.870536669867604
267,roberta-base,CLS+MAX-NS_LYR-12,torch.Size([1536]),1,12,0,34.48195511902934,30.425701411423496,35.35741920204429,31.684778261761597,44.88209672170898,35.36639014319355
268,roberta-base,DY3_LYR-12,torch.Size([2304]),1,12,0,34.05340496534201,2.791316860276012,10.844710058786863,21.424634354076282,10.792781563770202,15.981369560450275
269,roberta-base,DY3-NS_LYR-12,torch.Size([2304]),1,12,0,32.46133266644485,6.676018365225281,9.962351304630406,20.036431829900412,13.848415173678625,16.596909867975917
270,roberta-base,DY5_LYR-12,torch.Size([3840]),1,12,0,32.88605878326615,1.7829120326838783,14.288476163621242,13.295575760739606,12.745632102439206,14.999730968550017
271,roberta-base,DY5-NS_LYR-12,torch.Size([3840]),1,12,0,33.57716697089255,-0.018482392885529886,7.683136431949114,20.752629498552693,19.110232029329968,16.22093650756776
272,roberta-base,CLS_SUML4L,torch.Size([768]),1,12,0,33.89787935220062,19.245036395662343,33.08698285663863,36.085992407222825,35.808085795974065,31.62479536153969
273,roberta-base,AVG_SUML4L,torch.Size([768]),1,12,0,30.193320812482995,9.704663663486356,14.34143712923292,24.576455244971083,35.00041887202768,22.763259144440205
274,roberta-base,SUM_SUML4L,torch.Size([768]),1,12,0,30.193328036391865,9.70462641468688,14.34142228195809,24.5764117746044,35.000454559287775,22.7632486133858
275,roberta-base,MAX_SUML4L,torch.Size([768]),1,12,0,50.044333723268444,33.23033586419846,51.28285779271864,60.391294961718266,58.06427627205498,50.60261972279176
276,roberta-base,AVG-NS_SUML4L,torch.Size([768]),1,12,0,30.075307025085724,9.698134608905203,14.311109132432023,24.44988303098788,35.019923019610644,22.710871363404294
277,roberta-base,SUM-NS_SUML4L,torch.Size([768]),1,12,0,30.07522558673926,9.698152587012114,14.311144797098285,24.449881512701822,35.01977036776748,22.710834970263793
278,roberta-base,MAX-NS_SUML4L,torch.Size([768]),1,12,0,29.456180964384526,28.70838893419406,34.45531549485569,30.187319368651234,44.11371548774438,33.38418404996598
279,roberta-base,CLS+AVG_SUML4L,torch.Size([1536]),1,12,0,30.274234579050706,9.969687456741212,14.671425494672796,24.93418163099162,35.29900992307836,23.02970781690694
280,roberta-base,CLS+SUM_SUML4L,torch.Size([1536]),1,12,0,30.196227165115243,9.702374307166828,14.341579254504438,24.5759314171451,35.00107416499814,22.763437261785946
281,roberta-base,CLS+MAX_SUML4L,torch.Size([1536]),1,12,0,49.80448356265619,32.34939706008611,50.325596516184476,59.28969482175036,57.66957636454336,49.8877496650441
282,roberta-base,CLS+AVG-NS_SUML4L,torch.Size([1536]),1,12,0,30.216177760927128,9.984421684148852,14.663632203835638,24.80849949305491,35.29421721226853,22.993389670847012
283,roberta-base,CLS+SUM-NS_SUML4L,torch.Size([1536]),1,12,0,30.078363903923133,9.695884423981036,14.311233647674332,24.449305004202948,35.020933209519114,22.711144037860112
284,roberta-base,CLS+MAX-NS_SUML4L,torch.Size([1536]),1,12,0,29.4412910501199,28.33130001357728,33.963903326136744,29.772324329573895,44.15076353257314,33.13191645039619
285,roberta-base,DY3_SUML4L,torch.Size([2304]),1,12,0,34.377514683830505,3.5043785161059016,11.186645621310255,21.756112666771106,11.675598691919438,16.50005003598744
286,roberta-base,DY3-NS_SUML4L,torch.Size([2304]),1,12,0,33.08186611180213,7.701181890504752,10.30610075502696,20.631023878806687,14.234609812501853,17.190956489728475
287,roberta-base,DY5_SUML4L,torch.Size([3840]),1,12,0,33.61563343560855,2.173885725329296,14.335934036642053,13.97433852882822,13.842768947256973,15.588512134733017
288,roberta-base,DY5-NS_SUML4L,torch.Size([3840]),1,12,0,33.748889156758715,0.1587886451219757,7.592353915605956,21.212869645493797,20.316701396740918,16.605920551944273
289,roberta-base,CLS_AVGL4L,torch.Size([768]),1,12,0,33.89787935220062,19.245036395662343,33.08698285663863,36.085992407222825,35.808085795974065,31.62479536153969
290,roberta-base,AVG_AVGL4L,torch.Size([768]),1,12,0,30.193320812482995,9.704663663486356,14.34143712923292,24.576455244971083,35.00041887202768,22.763259144440205
291,roberta-base,SUM_AVGL4L,torch.Size([768]),1,12,0,30.193328036391865,9.70462641468688,14.34142228195809,24.5764117746044,35.000454559287775,22.7632486133858
292,roberta-base,MAX_AVGL4L,torch.Size([768]),1,12,0,50.044333723268444,33.23033586419846,51.28285779271864,60.391294961718266,58.06427627205498,50.60261972279176
293,roberta-base,AVG-NS_AVGL4L,torch.Size([768]),1,12,0,30.075307025085724,9.698134608905203,14.311109132432023,24.44988303098788,35.019923019610644,22.710871363404294
294,roberta-base,SUM-NS_AVGL4L,torch.Size([768]),1,12,0,30.07522558673926,9.698152587012114,14.311144797098285,24.449881512701822,35.01977036776748,22.710834970263793
295,roberta-base,MAX-NS_AVGL4L,torch.Size([768]),1,12,0,29.456180964384526,28.70838893419406,34.45531549485569,30.187319368651234,44.11371548774438,33.38418404996598
296,roberta-base,CLS+AVG_AVGL4L,torch.Size([1536]),1,12,0,30.274234579050706,9.969687456741212,14.671425494672796,24.93418163099162,35.29900992307836,23.02970781690694
297,roberta-base,CLS+SUM_AVGL4L,torch.Size([1536]),1,12,0,30.196227165115243,9.702374307166828,14.341579254504438,24.5759314171451,35.00107416499814,22.763437261785946
298,roberta-base,CLS+MAX_AVGL4L,torch.Size([1536]),1,12,0,49.80448356265619,32.34939706008611,50.325596516184476,59.28969482175036,57.66957636454336,49.8877496650441
299,roberta-base,CLS+AVG-NS_AVGL4L,torch.Size([1536]),1,12,0,30.216177760927128,9.984421684148852,14.663632203835638,24.80849949305491,35.29421721226853,22.993389670847012
300,roberta-base,CLS+SUM-NS_AVGL4L,torch.Size([1536]),1,12,0,30.078363903923133,9.695884423981036,14.311233647674332,24.449305004202948,35.020933209519114,22.711144037860112
301,roberta-base,CLS+MAX-NS_AVGL4L,torch.Size([1536]),1,12,0,29.4412910501199,28.33130001357728,33.963903326136744,29.772324329573895,44.15076353257314,33.13191645039619
302,roberta-base,DY3_AVGL4L,torch.Size([2304]),1,12,0,34.377514683830505,3.5043785161059016,11.186645621310255,21.756112666771106,11.675598691919438,16.50005003598744
303,roberta-base,DY3-NS_AVGL4L,torch.Size([2304]),1,12,0,33.08186611180213,7.701181890504752,10.30610075502696,20.631023878806687,14.234609812501853,17.190956489728475
304,roberta-base,DY5_AVGL4L,torch.Size([3840]),1,12,0,33.61563343560855,2.173885725329296,14.335934036642053,13.97433852882822,13.842768947256973,15.588512134733017
305,roberta-base,DY5-NS_AVGL4L,torch.Size([3840]),1,12,0,33.748889156758715,0.1587886451219757,7.592353915605956,21.212869645493797,20.316701396740918,16.605920551944273
306,roberta-base,CLS_SUMALL,torch.Size([768]),1,12,0,37.842494672009394,16.87921584604564,28.88613564199753,34.21651196202328,31.88970617701826,29.942812859818822
307,roberta-base,AVG_SUMALL,torch.Size([768]),1,12,0,29.54121485187016,10.020539653230305,13.943769048425992,24.57792912023323,33.59784054066305,22.336258642884548
308,roberta-base,SUM_SUMALL,torch.Size([768]),1,12,0,29.541286056939864,10.020529108413996,13.943819549342129,24.577941850949163,33.59782521419362,22.336280355967755
309,roberta-base,MAX_SUMALL,torch.Size([768]),1,12,0,53.48012497053778,38.341449384737864,55.88957066946283,64.38759292373122,62.36266730050261,54.89228104979446
310,roberta-base,AVG-NS_SUMALL,torch.Size([768]),1,12,0,29.408571845188874,10.02037526303743,13.928812944357269,24.45905958537855,33.613022443565086,22.285968416305444
311,roberta-base,SUM-NS_SUMALL,torch.Size([768]),1,12,0,29.40866951978764,10.02043271973399,13.9287896697447,24.458949579089257,33.61277586011612,22.285923469694342
312,roberta-base,MAX-NS_SUMALL,torch.Size([768]),1,12,0,39.98583640973069,35.6692377691063,45.5020239198639,43.86851062355587,53.82532311457844,43.770186367367046
313,roberta-base,CLS+AVG_SUMALL,torch.Size([1536]),1,12,0,29.174214394461966,10.092620013265774,14.019020633870962,24.775224372594934,33.85446488077394,22.383108858993516
314,roberta-base,CLS+SUM_SUMALL,torch.Size([1536]),1,12,0,29.544294956933033,10.016162201728514,13.94323108016193,24.576471169177204,33.598645115805915,22.335760904761322
315,roberta-base,CLS+MAX_SUMALL,torch.Size([1536]),1,12,0,53.07744240391761,37.25506842121077,54.7365560397658,63.291866288729715,61.900808199279275,54.05234827058064
316,roberta-base,CLS+AVG-NS_SUMALL,torch.Size([1536]),1,12,0,29.107152329403252,10.118279901347403,14.031665605616665,24.66879777380702,33.86812478493609,22.358804079022086
317,roberta-base,CLS+SUM-NS_SUMALL,torch.Size([1536]),1,12,0,29.411820883504998,10.01582506937269,13.928221830628651,24.457286159751632,33.61447480005274,22.285525748662145
318,roberta-base,CLS+MAX-NS_SUMALL,torch.Size([1536]),1,12,0,39.650105021648706,34.843662310755214,44.51662369648097,43.191173356479176,53.66962446974719,43.17423777102225
319,roberta-base,DY3_SUMALL,torch.Size([2304]),1,12,0,34.25022250528343,3.3952052019238503,10.849815238259898,21.35430045450112,10.407841547453481,16.051476989484357
320,roberta-base,DY3-NS_SUMALL,torch.Size([2304]),1,12,0,32.77219538117356,7.816853022911774,9.986551366211698,20.110434697090476,13.548896937138485,16.8469862809052
321,roberta-base,DY5_SUMALL,torch.Size([3840]),1,12,0,33.63415714098713,1.9848431025490432,14.367265106156191,13.265319626255334,13.583090507427048,15.366935096674947
322,roberta-base,DY5-NS_SUMALL,torch.Size([3840]),1,12,0,33.493410160701416,-0.2812157992242289,7.31467210245196,20.96875068326903,19.647118786409305,16.228547186721496
323,roberta-base,CLS_AVGALL,torch.Size([768]),1,12,0,37.90048978878717,16.95358065332231,28.842032903170452,34.196458825494666,31.706809357693643,29.919874305693646
324,roberta-base,AVG_AVGALL,torch.Size([768]),1,12,0,29.541219884614883,10.020607489109217,13.943822947281559,24.577926869423518,33.597718436007014,22.33625912528724
325,roberta-base,SUM_AVGALL,torch.Size([768]),1,12,0,29.54118159223158,10.02056013766905,13.94375746301787,24.577919154757296,33.597740536134026,22.336231776761966
326,roberta-base,MAX_AVGALL,torch.Size([768]),1,12,0,53.480170063739926,38.34142561113318,55.88956286109453,64.38763839724228,62.36266694303818,54.89229277524962
327,roberta-base,AVG-NS_AVGALL,torch.Size([768]),1,12,0,29.408593564368317,10.020419879772218,13.928771667604378,24.459043876934015,33.613094273144235,22.285984652364636
328,roberta-base,SUM-NS_AVGALL,torch.Size([768]),1,12,0,29.40861117218958,10.020395924275133,13.928784552549914,24.45905341209845,33.61296550619001,22.285962113460617
329,roberta-base,MAX-NS_AVGALL,torch.Size([768]),1,12,0,39.985831278904435,35.66917421719738,45.50205317136231,43.86848450559347,53.82529102322575,43.770166839256675
330,roberta-base,CLS+AVG_AVGALL,torch.Size([1536]),1,12,0,29.174159620741356,10.09255980184078,14.018888715130304,24.775277047394475,33.85463087981829,22.38310321298504
331,roberta-base,CLS+SUM_AVGALL,torch.Size([1536]),1,12,0,29.544297976602696,10.01619623716528,13.94326586644214,24.576534760858102,33.59875897950197,22.33581076411404
332,roberta-base,CLS+MAX_AVGALL,torch.Size([1536]),1,12,0,53.07764257605684,37.25508634109778,54.736591992768865,63.2918569504977,61.900845669968184,54.052404706077866
333,roberta-base,CLS+AVG-NS_AVGALL,torch.Size([1536]),1,12,0,29.107026604034125,10.118184748160168,14.031503387955002,24.668356762115682,33.86759099827272,22.358532500107536
334,roberta-base,CLS+SUM-NS_AVGALL,torch.Size([1536]),1,12,0,29.411890140338947,10.01581386368094,13.928223910588269,24.457295767310274,33.61459997836189,22.285564732056066
335,roberta-base,CLS+MAX-NS_AVGALL,torch.Size([1536]),1,12,0,39.65019885969278,34.84375747832338,44.51667659098549,43.1911611918261,53.66950966671534,43.17426075750861
336,roberta-base,DY3_AVGALL,torch.Size([2304]),1,12,0,34.250213952301934,3.3951937011536204,10.849812339386178,21.354337572874808,10.40780442797904,16.051472398739115
337,roberta-base,DY3-NS_AVGALL,torch.Size([2304]),1,12,0,32.77216500366896,7.816846673122203,9.986551123198833,20.110428606540793,13.548865572251174,16.84697139575639
338,roberta-base,DY5_AVGALL,torch.Size([3840]),1,12,0,33.63420285710279,1.9848322890467989,14.367246071177423,13.265334026915193,13.583078970660988,15.36693884298064
339,roberta-base,DY5-NS_AVGALL,torch.Size([3840]),1,12,0,33.49341243334018,-0.28123356109158915,7.31465637912211,20.968744921385465,19.647146552148627,16.22854534498096
340,deberta-base,CLS_LYR-7,torch.Size([768]),1,12,0,37.01655258069573,16.48491381521757,21.604945449880177,27.31746753878937,34.27594775056121,27.33996542702881
341,deberta-base,AVG_LYR-7,torch.Size([768]),1,12,0,54.76087761002895,53.13339082631771,60.54448201911139,70.57926870608287,64.6117192940102,60.72594769111023
342,deberta-base,SUM_LYR-7,torch.Size([768]),1,12,0,54.760875453941324,53.13338863676494,60.54448095315731,70.5792677556204,64.61171840090687,60.725946240078166
343,deberta-base,MAX_LYR-7,torch.Size([768]),1,12,0,49.85274140850706,43.006935897854106,57.45145930565187,62.937347164101574,56.01943631048303,53.853584017319534
344,deberta-base,AVG-NS_LYR-7,torch.Size([768]),1,12,0,54.78323842853623,53.43951335968694,60.639478286653755,70.61015213233517,64.61546593820988,60.8175696290844
345,deberta-base,SUM-NS_LYR-7,torch.Size([768]),1,12,0,54.783241216109126,53.43951088759128,60.63947963435358,70.61015144300785,64.61546399069972,60.81756943435231
346,deberta-base,MAX-NS_LYR-7,torch.Size([768]),1,12,0,49.85384621245134,43.017714850972204,57.4558749621254,62.941422749620536,56.01883064360374,53.85753788375464
347,deberta-base,CLS+AVG_LYR-7,torch.Size([1536]),1,12,0,54.835734358247414,52.2115020083241,60.48280497600077,70.12351290303104,64.46293548578927,60.423297946278524
348,deberta-base,CLS+SUM_LYR-7,torch.Size([1536]),1,12,0,54.77976985977978,53.0717065403222,60.52029934912595,70.59741130185667,64.64463033387962,60.72276347699284
349,deberta-base,CLS+MAX_LYR-7,torch.Size([1536]),1,12,0,50.15783307427408,43.11534781663335,57.54786246072071,63.349083875875536,56.574761472016434,54.14897773990401
350,deberta-base,CLS+AVG-NS_LYR-7,torch.Size([1536]),1,12,0,54.663210301799346,52.41446297024383,60.562396822035446,69.90849442936515,64.14631109166619,60.33897512302199
351,deberta-base,CLS+SUM-NS_LYR-7,torch.Size([1536]),1,12,0,54.80355012415512,53.38203608765946,60.616110488247124,70.62857984958478,64.65040903094142,60.81613711611758
352,deberta-base,CLS+MAX-NS_LYR-7,torch.Size([1536]),1,12,0,50.158928492321394,43.12613527148025,57.55225331077338,63.35317399145629,56.574225192608296,54.152943251727926
353,deberta-base,DY3_LYR-7,torch.Size([2304]),1,12,0,45.54068076952422,32.185469813404076,45.454454964711836,60.63100956368841,44.98411170643914,45.759145363553536
354,deberta-base,DY3-NS_LYR-7,torch.Size([2304]),1,12,0,49.0461492593203,33.66289007707662,46.62470196694127,59.50812354692141,49.321385570241226,47.63265008410017
355,deberta-base,DY5_LYR-7,torch.Size([3840]),1,12,0,36.602498048293704,33.652635668106775,39.45084749698477,53.226476474703986,33.839747271418055,39.354440991901456
356,deberta-base,DY5-NS_LYR-7,torch.Size([3840]),1,12,0,45.69064100556037,22.008762696486485,36.565761671344355,53.375159358037706,43.80336253730482,40.28873745374675
357,deberta-base,CLS_LYR-8,torch.Size([768]),1,12,0,25.108011841773113,3.255164019930442,10.279215708787676,9.573921902346825,28.670031578614747,15.377269010290558
358,deberta-base,AVG_LYR-8,torch.Size([768]),1,12,0,52.61276040391961,48.93631429837573,57.7400115551587,69.3890781629374,63.12440598786458,58.3605140816512
359,deberta-base,SUM_LYR-8,torch.Size([768]),1,12,0,52.612758776866166,48.93631507652116,57.740010527162646,69.38907816301119,63.12440492003305,58.36051349271885
360,deberta-base,MAX_LYR-8,torch.Size([768]),1,12,0,47.25125404675094,38.99979821849494,54.0234862843724,61.11157816709806,53.36321341868733,50.94986602708074
361,deberta-base,AVG-NS_LYR-8,torch.Size([768]),1,12,0,52.58275684200135,49.196794911760115,57.857488191547176,69.3979636662644,63.06480548090552,58.41996181849571
362,deberta-base,SUM-NS_LYR-8,torch.Size([768]),1,12,0,52.58275508057596,49.19679144131594,57.85748843413208,69.39796216132078,63.06480948943356,58.419961321355665
363,deberta-base,MAX-NS_LYR-8,torch.Size([768]),1,12,0,47.253035959775396,39.009265573609206,54.02910216992741,61.11693880495863,53.36288193864149,50.95424488938243
364,deberta-base,CLS+AVG_LYR-8,torch.Size([1536]),1,12,0,52.74802997734531,47.8674089815176,57.72970603003461,68.73683300898354,62.816989161360695,57.97979343184835
365,deberta-base,CLS+SUM_LYR-8,torch.Size([1536]),1,12,0,52.63204871664936,48.861690175157804,57.70389485339847,69.4013424246542,63.15460045214076,58.35071532440012
366,deberta-base,CLS+MAX_LYR-8,torch.Size([1536]),1,12,0,47.612398152932954,39.104974085923345,54.11273048838686,61.585837142421106,54.00916840808845,51.285021655550544
367,deberta-base,CLS+AVG-NS_LYR-8,torch.Size([1536]),1,12,0,52.532218757515835,48.091120595534335,57.85217689287045,68.50401762144283,62.44089212155111,57.88408519778291
368,deberta-base,CLS+SUM-NS_LYR-8,torch.Size([1536]),1,12,0,52.608681776816226,49.12913971622628,57.82331413697358,69.41320599469213,63.10179881388678,58.415228087719
369,deberta-base,CLS+MAX-NS_LYR-8,torch.Size([1536]),1,12,0,47.61415732150855,39.11440542767002,54.1183223619287,61.591123267825076,54.008877330092965,51.28937714180506
370,deberta-base,DY3_LYR-8,torch.Size([2304]),1,12,0,43.24397641505165,27.643591742021695,43.047556690821295,59.52110508544715,43.60805994702518,43.4128579760734
371,deberta-base,DY3-NS_LYR-8,torch.Size([2304]),1,12,0,47.145962241793704,29.29482345699372,44.56645759076392,58.428174657226336,48.18446562149393,45.52397671365432
372,deberta-base,DY5_LYR-8,torch.Size([3840]),1,12,0,34.87914812008201,30.41014293674551,37.72418255771388,51.62371156109601,32.42513450504541,37.41246393613656
373,deberta-base,DY5-NS_LYR-8,torch.Size([3840]),1,12,0,44.574328872273874,18.510247591241654,34.74257239373538,51.824275291332725,42.6130013665637,38.452885103029466
374,deberta-base,CLS_LYR-9,torch.Size([768]),1,12,0,42.33760216224217,32.52299676473977,44.570633361428975,53.27237617248745,50.22622415346672,44.585966522873015
375,deberta-base,AVG_LYR-9,torch.Size([768]),1,12,0,49.338752890024224,41.555360704011484,54.21096995462379,64.4652265350692,59.705585908984546,53.85517919854264
376,deberta-base,SUM_LYR-9,torch.Size([768]),1,12,0,49.338751887796164,41.555358588811096,54.21096856409125,64.46522556621169,59.70558139377593,53.85517720013722
377,deberta-base,MAX_LYR-9,torch.Size([768]),1,12,0,44.84906307420472,36.1798504805055,50.71507593464194,58.079664872465685,50.85005405160782,48.13474168268513
378,deberta-base,AVG-NS_LYR-9,torch.Size([768]),1,12,0,49.382217263082026,41.607431507002275,54.2884769569147,64.54297241877589,59.77864321590223,53.91994827233542
379,deberta-base,SUM-NS_LYR-9,torch.Size([768]),1,12,0,49.38221837998501,41.607425422714535,54.28847439528801,64.54297173926804,59.778646854137364,53.91994735827859
380,deberta-base,MAX-NS_LYR-9,torch.Size([768]),1,12,0,44.8482847804898,36.18884693001462,50.718681880215314,58.0833802941164,50.845610645465534,48.13696090606034
381,deberta-base,CLS+AVG_LYR-9,torch.Size([1536]),1,12,0,49.41564245735542,41.21660010282832,54.21443785453185,64.4770257334469,59.72709897706577,53.81016102504566
382,deberta-base,CLS+SUM_LYR-9,torch.Size([1536]),1,12,0,49.35696525213827,41.52972344476072,54.19705467017716,64.47536961032307,59.726137904609985,53.85705017640184
383,deberta-base,CLS+MAX_LYR-9,torch.Size([1536]),1,12,0,45.00758337293228,36.198483123434364,50.742988900989914,58.25764181050113,51.11301660512488,48.263942762596514
384,deberta-base,CLS+AVG-NS_LYR-9,torch.Size([1536]),1,12,0,49.29595517290689,41.352976135878386,54.275295821967205,64.3766104036448,59.56785733575703,53.77373897403087
385,deberta-base,CLS+SUM-NS_LYR-9,torch.Size([1536]),1,12,0,49.39987884340599,41.58437299476099,54.27469004516651,64.55261581399677,59.79869817893808,53.92205117525366
386,deberta-base,CLS+MAX-NS_LYR-9,torch.Size([1536]),1,12,0,45.006842102316945,36.207488484051424,50.746616409438374,58.261340709216384,51.108753610516054,48.266208263107835
387,deberta-base,DY3_LYR-9,torch.Size([2304]),1,12,0,40.722132870993484,19.211516878055868,39.340954501211186,53.67453172798958,38.29752084726311,38.24933136510265
388,deberta-base,DY3-NS_LYR-9,torch.Size([2304]),1,12,0,44.63813425091921,20.83696912551519,40.85491640971936,52.40663070575721,43.8208530869171,40.511500715765614
389,deberta-base,DY5_LYR-9,torch.Size([3840]),1,12,0,33.326585091533794,24.434004554359404,35.108717168274666,45.95201908389227,27.236175523820872,33.2115002843762
390,deberta-base,DY5-NS_LYR-9,torch.Size([3840]),1,12,0,43.30043664831411,11.943702945816344,31.515785583108496,45.9193884369596,38.7454604489577,34.28495481263125
391,deberta-base,CLS_LYR-10,torch.Size([768]),1,12,0,27.54961262929535,16.56972726811682,22.36417851017006,33.2384613528982,33.83408322956356,26.711212598008796
392,deberta-base,AVG_LYR-10,torch.Size([768]),1,12,0,47.381280665591966,37.86480347151644,51.464929101194755,63.54587552536114,58.33469546451294,51.71831684563544
393,deberta-base,SUM_LYR-10,torch.Size([768]),1,12,0,47.38128030035399,37.864807777151746,51.46493030480094,63.54587594743043,58.33469331852525,51.718317529652474
394,deberta-base,MAX_LYR-10,torch.Size([768]),1,12,0,42.38913638805745,33.171956459423754,47.728571506107855,55.395761557583135,47.78681468726641,45.294448119687715
395,deberta-base,AVG-NS_LYR-10,torch.Size([768]),1,12,0,47.32424660422765,38.13603140786795,51.66284238689146,63.592500755949885,58.28488093306643,51.800100417600675
396,deberta-base,SUM-NS_LYR-10,torch.Size([768]),1,12,0,47.324245628533,38.13603852414453,51.662843414781676,63.59250091639051,58.284879006128875,51.800101497995726
397,deberta-base,MAX-NS_LYR-10,torch.Size([768]),1,12,0,42.38769310050326,33.17572722582799,47.73241977608372,55.39818797198611,47.78589261488417,45.29598413785705
398,deberta-base,CLS+AVG_LYR-10,torch.Size([1536]),1,12,0,47.62575302752053,36.848825675835464,51.55376953981122,62.931519925551946,57.989359398617765,51.38984551346739
399,deberta-base,CLS+SUM_LYR-10,torch.Size([1536]),1,12,0,47.41276880249451,37.758030929570666,51.4111857161787,63.56508680591144,58.37844664420493,51.70510377967205
400,deberta-base,CLS+MAX_LYR-10,torch.Size([1536]),1,12,0,42.89206022211182,33.20159443505892,47.80630087607076,55.943001249070726,48.6288399891881,45.69435935430006
401,deberta-base,CLS+AVG-NS_LYR-10,torch.Size([1536]),1,12,0,47.35203754237592,37.294599518703706,51.735264456316735,62.61753801777288,57.50797700933552,51.30148330890095
402,deberta-base,CLS+SUM-NS_LYR-10,torch.Size([1536]),1,12,0,47.36820638375178,38.042228605614476,51.61237709360641,63.61699082039707,58.339695113803515,51.79589960343465
403,deberta-base,CLS+MAX-NS_LYR-10,torch.Size([1536]),1,12,0,42.89077021014121,33.20525728085599,47.810336319254326,55.94546626797459,48.628198863747876,45.6960057883948
404,deberta-base,DY3_LYR-10,torch.Size([2304]),1,12,0,39.271863966267,18.920763291802174,38.72489043213172,54.15213047096452,39.08737620424203,38.031404873081485
405,deberta-base,DY3-NS_LYR-10,torch.Size([2304]),1,12,0,43.47500244052513,20.617095222805002,40.38686146441581,53.043762915324244,43.86406118201581,40.2773566450172
406,deberta-base,DY5_LYR-10,torch.Size([3840]),1,12,0,32.301592392191296,23.32870332117933,34.1614978964802,46.42417094830056,27.679476817868853,32.779088275204046
407,deberta-base,DY5-NS_LYR-10,torch.Size([3840]),1,12,0,42.229988910037825,11.320753933240313,30.876084199303744,46.59482335764196,38.862537041730974,33.97683748839096
408,deberta-base,CLS_LYR-11,torch.Size([768]),1,12,0,12.863322844823255,6.535055216936348,10.183002100604394,18.67047118398552,15.091704816125068,12.668711232494916
409,deberta-base,AVG_LYR-11,torch.Size([768]),1,12,0,43.897071280565214,30.473243901513168,45.664861141407734,56.68014065266844,51.81731443968258,45.70652628316743
410,deberta-base,SUM_LYR-11,torch.Size([768]),1,12,0,43.8970740329919,30.473237008420277,45.66485820536223,56.680141701449884,51.81732074248495,45.70652633814185
411,deberta-base,MAX_LYR-11,torch.Size([768]),1,12,0,40.99220470689352,29.787774995185064,44.11276703567887,52.537381869207756,45.424058112614304,42.5708373439159
412,deberta-base,AVG-NS_LYR-11,torch.Size([768]),1,12,0,43.80499379384517,30.75165571496847,46.052995155485405,56.70794073322435,51.6955369799738,45.80262447549944
413,deberta-base,SUM-NS_LYR-11,torch.Size([768]),1,12,0,43.80499357188201,30.751652799268687,46.05299474078024,56.70794295141671,51.6955370212852,45.80262421692656
414,deberta-base,MAX-NS_LYR-11,torch.Size([768]),1,12,0,40.94171092217642,29.748922213923073,44.04195500928636,52.45085857287513,45.27089079280994,42.490867502214186
415,deberta-base,CLS+AVG_LYR-11,torch.Size([1536]),1,12,0,41.51128480488085,28.99502511588973,43.82446372317066,55.79810946351063,49.76945509830545,43.979667641151465
416,deberta-base,CLS+SUM_LYR-11,torch.Size([1536]),1,12,0,43.922087467814286,30.334039197079626,45.550457950987976,56.68502269458722,51.86738490679198,45.67179844345222
417,deberta-base,CLS+MAX_LYR-11,torch.Size([1536]),1,12,0,41.26746070731148,29.479910649964918,43.60888438660176,53.09713067819908,46.160475326187246,42.7227723496529
418,deberta-base,CLS+AVG-NS_LYR-11,torch.Size([1536]),1,12,0,41.82947776782465,29.827842048230696,44.57067421131005,55.800717706854286,49.62554413177928,44.33085117319979
419,deberta-base,CLS+SUM-NS_LYR-11,torch.Size([1536]),1,12,0,43.85156269367514,30.636012471643713,45.94442415472801,56.7272349736048,51.77297666048075,45.786442190826484
420,deberta-base,CLS+MAX-NS_LYR-11,torch.Size([1536]),1,12,0,41.22880387775716,29.443943429712526,43.54902132115244,53.020566049688824,46.03649778003861,42.655766491669915
421,deberta-base,DY3_LYR-11,torch.Size([2304]),1,12,0,36.57832933753034,11.28849209884139,32.59341443936151,45.609066567965414,29.532539788320772,31.120368446403887
422,deberta-base,DY3-NS_LYR-11,torch.Size([2304]),1,12,0,41.03798299052275,13.583973864602465,34.72753930640651,44.52513076930481,35.79653061342757,33.93423150885282
423,deberta-base,DY5_LYR-11,torch.Size([3840]),1,12,0,30.990495135957985,18.39963629432664,30.609549209704173,37.683325278361465,19.773434460585243,27.4912880757871
424,deberta-base,DY5-NS_LYR-11,torch.Size([3840]),1,12,0,41.37271022407198,6.341783990247825,26.811814657737166,37.84373929473896,31.79167014120751,28.832343661600685
425,deberta-base,CLS_LYR-12,torch.Size([768]),1,12,0,27.467538769147705,14.147751119611554,16.42303263424254,26.632614863951005,27.257357013781235,22.385658880146806
426,deberta-base,AVG_LYR-12,torch.Size([768]),1,12,0,33.64077807351627,25.47669386149833,31.889514680447732,32.33765952742614,31.38647137758031,30.94622350409376
427,deberta-base,SUM_LYR-12,torch.Size([768]),1,12,0,33.64078089145628,25.476694547200456,31.889509051482673,32.33765769804415,31.38647446841431,30.94622333131958
428,deberta-base,MAX_LYR-12,torch.Size([768]),1,12,0,34.472964619026236,23.271000293391868,31.84687709066571,36.02249700772885,34.25483783463237,31.973635369089003
429,deberta-base,AVG-NS_LYR-12,torch.Size([768]),1,12,0,33.59555074475465,25.94385362710087,32.12396754228976,32.42353357501616,31.321303389015938,31.08164177563548
430,deberta-base,SUM-NS_LYR-12,torch.Size([768]),1,12,0,33.59554176905169,25.943854916119154,32.123958569095315,32.42352536392761,31.32130364270323,31.0816368521794
431,deberta-base,MAX-NS_LYR-12,torch.Size([768]),1,12,0,34.381269597287364,23.150104887157404,31.818880791144778,36.239783203269766,34.08232446239768,31.934472588251403
432,deberta-base,CLS+AVG_LYR-12,torch.Size([1536]),1,12,0,33.7940541833706,24.59407435663922,31.691009253596885,33.17078559188455,32.42180958511429,31.13434659412111
433,deberta-base,CLS+SUM_LYR-12,torch.Size([1536]),1,12,0,33.67560786798379,25.396786677265727,31.849406528913292,32.36424592954469,31.405273046223936,30.938264009986284
434,deberta-base,CLS+MAX_LYR-12,torch.Size([1536]),1,12,0,34.58272974642855,23.105119177617937,31.74368710815734,36.2107328121882,34.64714530491385,32.05788282986117
435,deberta-base,CLS+AVG-NS_LYR-12,torch.Size([1536]),1,12,0,33.70350617740387,25.392336480008275,32.01104501155863,33.1032977010654,32.10712219987448,31.263461513982133
436,deberta-base,CLS+SUM-NS_LYR-12,torch.Size([1536]),1,12,0,33.62120753733567,25.868608943513472,32.08644566616866,32.45571011830062,31.344524189067474,31.075299290877176
437,deberta-base,CLS+MAX-NS_LYR-12,torch.Size([1536]),1,12,0,34.49123174807059,22.97906650371109,31.710315121321425,36.421243524254365,34.47430217808268,32.01523181508803
438,deberta-base,DY3_LYR-12,torch.Size([2304]),1,12,0,32.12256094239775,6.916097374450797,21.134664458660655,28.871800288835658,8.705350647159042,19.55009474230078
439,deberta-base,DY3-NS_LYR-12,torch.Size([2304]),1,12,0,35.45731729774059,9.812464012468414,23.2937998480795,28.03932472572527,17.29414845060538,22.77941086692383
440,deberta-base,DY5_LYR-12,torch.Size([3840]),1,12,0,28.782689641326577,16.493222295176462,24.438893834467816,22.46609010400301,4.508675764800994,19.33791432795497
441,deberta-base,DY5-NS_LYR-12,torch.Size([3840]),1,12,0,39.40795406809552,6.837533715373907,18.04813219942728,22.482291022483114,16.55853047760645,20.666888296597254
442,deberta-base,CLS_SUML4L,torch.Size([768]),1,12,0,19.195378914308904,10.983735292375611,13.7770541617501,23.336818497946318,20.59561364688153,17.577720102652496
443,deberta-base,AVG_SUML4L,torch.Size([768]),1,12,0,42.40081016501714,33.45688063466768,45.03896170928032,50.77261326857146,48.06141314671679,43.946135784850675
444,deberta-base,SUM_SUML4L,torch.Size([768]),1,12,0,42.40079417528275,33.45687992352524,45.038966683166734,50.77261244833488,48.061402428852254,43.946131131832374
445,deberta-base,MAX_SUML4L,torch.Size([768]),1,12,0,42.07774493391548,31.85392975143732,44.152721552818996,51.033005034233966,46.699228744532974,43.163326003387745
446,deberta-base,AVG-NS_SUML4L,torch.Size([768]),1,12,0,42.44054826666261,33.73247093956145,45.219354683164696,50.8599015480282,48.035493707859196,44.05755382905523
447,deberta-base,SUM-NS_SUML4L,torch.Size([768]),1,12,0,42.44055255064995,33.73247796524897,45.21934579922382,50.85989738267551,48.03549155448577,44.057553050456804
448,deberta-base,MAX-NS_SUML4L,torch.Size([768]),1,12,0,42.033628562716764,31.82222294298654,44.12648013447584,51.056941621285176,46.62944656955336,43.13374396620353
449,deberta-base,CLS+AVG_SUML4L,torch.Size([1536]),1,12,0,42.44277310878336,32.824784028477346,44.75399034292682,51.44278744937439,48.593261943963576,44.011519374705095
450,deberta-base,CLS+SUM_SUML4L,torch.Size([1536]),1,12,0,42.40347665812472,33.37388293089933,44.98592561865144,50.77879164786714,48.06856880026867,43.922129131162265
451,deberta-base,CLS+MAX_SUML4L,torch.Size([1536]),1,12,0,42.28805223632676,31.730972097146704,44.095730402158885,51.27396695781977,47.10356533820167,43.298457406330755
452,deberta-base,CLS+AVG-NS_SUML4L,torch.Size([1536]),1,12,0,42.38236830168514,33.44695628798676,44.98431176651871,51.274675238881464,48.23492773239071,44.06464786549255
453,deberta-base,CLS+SUM-NS_SUML4L,torch.Size([1536]),1,12,0,42.4332846415523,33.655005144186084,45.16869110293607,50.869860912820094,48.04868281711025,44.035104923720965
454,deberta-base,CLS+MAX-NS_SUML4L,torch.Size([1536]),1,12,0,42.24761054557783,31.697531924103256,44.07006706972306,51.2972549433341,47.03712794272397,43.26991848509245
455,deberta-base,DY3_SUML4L,torch.Size([2304]),1,12,0,35.40282151665829,9.861740391053162,28.06881335950961,38.52058662707221,20.408793807897453,26.45255114043814
456,deberta-base,DY3-NS_SUML4L,torch.Size([2304]),1,12,0,39.40869682159517,12.499875356498864,30.28883525989939,37.60075251295472,28.61869431306866,29.683370852803357
457,deberta-base,DY5_SUML4L,torch.Size([3840]),1,12,0,30.533218712262254,18.703670362986177,28.773472217731694,31.284331187758234,12.631390177749061,24.385216531697484
458,deberta-base,DY5-NS_SUML4L,torch.Size([3840]),1,12,0,41.47246425508396,7.235242328811552,23.620962729002525,31.42060018005627,25.56373432036787,25.862600762664435
459,deberta-base,CLS_AVGL4L,torch.Size([768]),1,12,0,19.195378914308904,10.983735292375611,13.7770541617501,23.336818497946318,20.59561364688153,17.577720102652496
460,deberta-base,AVG_AVGL4L,torch.Size([768]),1,12,0,42.40081016501714,33.45688063466768,45.03896170928032,50.77261326857146,48.06141314671679,43.946135784850675
461,deberta-base,SUM_AVGL4L,torch.Size([768]),1,12,0,42.40079417528275,33.45687992352524,45.038966683166734,50.77261244833488,48.061402428852254,43.946131131832374
462,deberta-base,MAX_AVGL4L,torch.Size([768]),1,12,0,42.07774493391548,31.85392975143732,44.152721552818996,51.033005034233966,46.699228744532974,43.163326003387745
463,deberta-base,AVG-NS_AVGL4L,torch.Size([768]),1,12,0,42.44054826666261,33.73247093956145,45.219354683164696,50.8599015480282,48.035493707859196,44.05755382905523
464,deberta-base,SUM-NS_AVGL4L,torch.Size([768]),1,12,0,42.44055255064995,33.73247796524897,45.21934579922382,50.85989738267551,48.03549155448577,44.057553050456804
465,deberta-base,MAX-NS_AVGL4L,torch.Size([768]),1,12,0,42.033628562716764,31.82222294298654,44.12648013447584,51.056941621285176,46.62944656955336,43.13374396620353
466,deberta-base,CLS+AVG_AVGL4L,torch.Size([1536]),1,12,0,42.44277310878336,32.824784028477346,44.75399034292682,51.44278744937439,48.593261943963576,44.011519374705095
467,deberta-base,CLS+SUM_AVGL4L,torch.Size([1536]),1,12,0,42.40347665812472,33.37388293089933,44.98592561865144,50.77879164786714,48.06856880026867,43.922129131162265
468,deberta-base,CLS+MAX_AVGL4L,torch.Size([1536]),1,12,0,42.28805223632676,31.730972097146704,44.095730402158885,51.27396695781977,47.10356533820167,43.298457406330755
469,deberta-base,CLS+AVG-NS_AVGL4L,torch.Size([1536]),1,12,0,42.38236830168514,33.44695628798676,44.98431176651871,51.274675238881464,48.23492773239071,44.06464786549255
470,deberta-base,CLS+SUM-NS_AVGL4L,torch.Size([1536]),1,12,0,42.4332846415523,33.655005144186084,45.16869110293607,50.869860912820094,48.04868281711025,44.035104923720965
471,deberta-base,CLS+MAX-NS_AVGL4L,torch.Size([1536]),1,12,0,42.24761054557783,31.697531924103256,44.07006706972306,51.2972549433341,47.03712794272397,43.26991848509245
472,deberta-base,DY3_AVGL4L,torch.Size([2304]),1,12,0,35.40282151665829,9.861740391053162,28.06881335950961,38.52058662707221,20.408793807897453,26.45255114043814
473,deberta-base,DY3-NS_AVGL4L,torch.Size([2304]),1,12,0,39.40869682159517,12.499875356498864,30.28883525989939,37.60075251295472,28.61869431306866,29.683370852803357
474,deberta-base,DY5_AVGL4L,torch.Size([3840]),1,12,0,30.533218712262254,18.703670362986177,28.773472217731694,31.284331187758234,12.631390177749061,24.385216531697484
475,deberta-base,DY5-NS_AVGL4L,torch.Size([3840]),1,12,0,41.47246425508396,7.235242328811552,23.620962729002525,31.42060018005627,25.56373432036787,25.862600762664435
476,deberta-base,CLS_SUMALL,torch.Size([768]),1,12,0,19.736798965312524,9.15802464617263,12.565644615749727,23.62153355093939,19.72493635010591,16.961387625656034
477,deberta-base,AVG_SUMALL,torch.Size([768]),1,12,0,52.350064719279864,48.357232262967095,56.758395902806136,65.02256027219404,58.813504546319486,56.26035154071333
478,deberta-base,SUM_SUMALL,torch.Size([768]),1,12,0,52.35006697855703,48.35722274164322,56.75839938855787,65.02255981277514,58.81350754316246,56.26035129293914
479,deberta-base,MAX_SUMALL,torch.Size([768]),1,12,0,50.0526999214391,40.99466255899043,55.280943993831144,60.75236260058894,52.29279075313822,51.87469196559756
480,deberta-base,AVG-NS_SUMALL,torch.Size([768]),1,12,0,52.43225470461474,48.80082282220437,56.92439908649087,65.08333086107704,58.7773744233594,56.403636379549276
481,deberta-base,SUM-NS_SUMALL,torch.Size([768]),1,12,0,52.432253564817145,48.80081768947317,56.92439753305675,65.08333191252603,58.77737339179943,56.4036348183345
482,deberta-base,MAX-NS_SUMALL,torch.Size([768]),1,12,0,50.035338512775304,41.00468796921863,55.26979011298282,60.737415489849646,52.24932802937767,51.85931202284081
483,deberta-base,CLS+AVG_SUMALL,torch.Size([1536]),1,12,0,52.37315560489408,47.92301137417691,56.56994906968619,65.37950457459439,59.10698223796553,56.27052057226342
484,deberta-base,CLS+SUM_SUMALL,torch.Size([1536]),1,12,0,52.35345718809279,48.243044993426516,56.714161766261284,65.04439225512293,58.86782643131387,56.24457652684348
485,deberta-base,CLS+MAX_SUMALL,torch.Size([1536]),1,12,0,50.29524722454426,40.970759828010976,55.32951330403897,61.08896764696544,52.84595465453912,52.106088531619754
486,deberta-base,CLS+AVG-NS_SUMALL,torch.Size([1536]),1,12,0,52.253610553773875,48.42123876602243,56.69022319526239,65.06187296671698,58.51060336615159,56.187509769585446
487,deberta-base,CLS+SUM-NS_SUMALL,torch.Size([1536]),1,12,0,52.43287194779216,48.69002691762618,56.88234605895218,65.10782158412252,58.841615039861516,56.390936309670906
488,deberta-base,CLS+MAX-NS_SUMALL,torch.Size([1536]),1,12,0,50.279951590575386,40.98031086435923,55.31920441466741,61.07465864074353,52.80513313216242,52.091851728501595
489,deberta-base,DY3_SUMALL,torch.Size([2304]),1,12,0,40.40064780626055,20.430739035446255,37.39699689334407,49.92983627457431,31.28791123247462,35.88922624841996
490,deberta-base,DY3-NS_SUMALL,torch.Size([2304]),1,12,0,44.84118393767356,22.80795319473194,39.1717850569705,48.888440038544886,38.03376113746085,38.74862467307635
491,deberta-base,DY5_SUMALL,torch.Size([3840]),1,12,0,32.56041724038833,25.62927309802841,34.418618534178606,41.850376376065476,21.106674439479274,31.113071937628018
492,deberta-base,DY5-NS_SUMALL,torch.Size([3840]),1,12,0,43.21938631844134,13.444069571909644,30.5132276204482,42.160118457305494,33.50457805783477,32.56827600518789
493,deberta-base,CLS_AVGALL,torch.Size([768]),1,12,0,19.73613062600455,9.157729624171333,12.56594921160222,23.621773353279735,19.722618045566012,16.96084017212477
494,deberta-base,AVG_AVGALL,torch.Size([768]),1,12,0,52.35006772528929,48.35722038509066,56.75839795068368,65.02256253283535,58.8135093226116,56.26035158330211
495,deberta-base,SUM_AVGALL,torch.Size([768]),1,12,0,52.35007207095958,48.35722555537597,56.75839288261453,65.02256208150821,58.81351156848395,56.26035283178844
496,deberta-base,MAX_AVGALL,torch.Size([768]),1,12,0,50.05270013647054,40.99467177664105,55.280936679180456,60.7523658866291,52.292798154305316,51.87469452664529
497,deberta-base,AVG-NS_AVGALL,torch.Size([768]),1,12,0,52.43225142715134,48.80081619946016,56.92439618660469,65.08333311649915,58.777374179438965,56.40363422183086
498,deberta-base,SUM-NS_AVGALL,torch.Size([768]),1,12,0,52.432257369520876,48.8008195912792,56.92439972286829,65.08333178240666,58.777365517624844,56.40363479673997
499,deberta-base,MAX-NS_AVGALL,torch.Size([768]),1,12,0,50.03534169611426,41.00468808042894,55.26979239759569,60.73742136427247,52.24933954405291,51.859316616492855
500,deberta-base,CLS+AVG_AVGALL,torch.Size([1536]),1,12,0,52.3731746322713,47.923010486452064,56.569950142648885,65.37950756211484,59.106989769883924,56.2705265186742
501,deberta-base,CLS+SUM_AVGALL,torch.Size([1536]),1,12,0,52.353455234695424,48.24305133708891,56.71416232578997,65.0443903063192,58.86782053912756,56.24457594860421
502,deberta-base,CLS+MAX_AVGALL,torch.Size([1536]),1,12,0,50.295258098927384,40.97076557414372,55.32950400086012,61.088978210411206,52.845948769450466,52.10609093075858
503,deberta-base,CLS+AVG-NS_AVGALL,torch.Size([1536]),1,12,0,52.25360460835915,48.421238415162456,56.690215035387105,65.06187391715113,58.51060962931622,56.187508321075214
504,deberta-base,CLS+SUM-NS_AVGALL,torch.Size([1536]),1,12,0,52.43287619827785,48.690030938016626,56.88234940044556,65.10782224988513,58.84161340678157,56.390938438681346
505,deberta-base,CLS+MAX-NS_AVGALL,torch.Size([1536]),1,12,0,50.279951631890384,40.98030848067153,55.31921049821607,61.07465298892863,52.80514153239713,52.09185302642074
506,deberta-base,DY3_AVGALL,torch.Size([2304]),1,12,0,40.400647518296665,20.430737019677338,37.39699816791533,49.929837985586964,31.287914516041525,35.88922704150356
507,deberta-base,DY3-NS_AVGALL,torch.Size([2304]),1,12,0,44.84118662265008,22.807957965699963,39.171786152656665,48.88843704765109,38.03376110418973,38.748625778569505
508,deberta-base,DY5_AVGALL,torch.Size([3840]),1,12,0,32.56041904600492,25.629272949657217,34.41861789921261,41.850376912232875,21.106673566502536,31.113072074722027
509,deberta-base,DY5-NS_AVGALL,torch.Size([3840]),1,12,0,43.21938568284091,13.444069815104307,30.513226021779165,42.160115729102486,33.504579175980986,32.56827528496157
