Modelo,Pooling,out_emb_size,epochs,qtd_layers,nhid,MR,CR,SUBJ,MPQA,SST2,TREC,MRPC,Avg_without_SST5
PromptEOL (Lllama2-7B),llm,768,not,not,not defined,90.63,92.87,96.32,91.19,95.0,95.4,75.19,90.94
PromptEOL + TP (Ours) (Lllama2-7B),llm,768,not,not,not defined,90.9,93.35,96.58,91.51,95.5,96.0,76.12,91.42
Pretended CoT (Lllama2-7B),llm,768,not,not,not defined,90.1,92.24,96.32,91.54,95.11,94.2,75.77,90.75
Pretended CoT + TP (Ours) (Lllama2-7B),llm,768,not,not,not defined,90.45,92.61,96.52,91.59,95.77,96.0,76.81,91.39
Knowledge (Lllama2-7B),llm,768,not,not,not defined,89.84,93.03,96.21,91.54,94.78,97.2,73.91,90.93
Knowledge + TP (Ours) (Lllama2-7B),llm,768,not,not,not defined,90.39,93.32,96.31,91.56,94.51,97.6,76.06,91.39
CLTC-RoBERTa=Base,,768,5,12,not defined,86.86,92.35,94.31,89.91,91.36,87.73,77.14,88.52
CLTC-BERT=Base,,768,5,12,not defined,83.75,89.88,95.11,88.29,88.36,89.99,74.63,87.14
CLTC-RoBERTa=Base,,768,1,12,not defined,83.44,88.87,95.32,87.84,89.38,83.98,74.66,86.21
CLTC-BERT=Base,,768,1,12,not defined,81.52,86.61,95.17,89.95,87.16,83.06,76.63,85.73
HNCSE-PM (bert-base),cls,768,1,12,not defined,81.94,86.99,95.2,89.77,86.81,85.31,75.49,85.93
HNCSE-HNM (bert-base),cls,768,1,12,not defined,81.64,86.84,95.11,89.66,86.81,83.9,75.91,85.7
WordFS-P-woP-150D,mean,768,1,1,not defined,73.09,74.86,89.86,86.24,76.22,65.4,71.01,76.67
WordFS-P-wP-150D,mean,768,1,1,not defined,74.03,76.0,89.2,86.24,76.5,65.2,70.38,76.69
WordFS-P-woP-100D,mean,768,1,1,not defined,72.24,73.96,88.62,85.26,73.97,62.0,71.42,75.35
WordFS-P-wP-100D,mean,768,1,1,not defined,72.68,75.42,88.25,85.5,76.94,64.4,71.59,76.4
WordFS-P-woP-50D,mean,768,1,1,not defined,68.54,70.54,85.51,81.35,69.85,56.2,71.65,71.95
WordFS-P-wP-50D,mean,768,1,1,not defined,69.96,71.05,84.25,83.29,72.1,56.6,71.3,72.65
bert-base,CLS_LYR-7,torch.Size([768]),1,12,0,73.59,73.17,93.29,86.36,81.93,77.8,69.33,79.35285714285715
bert-base,AVG_LYR-7,torch.Size([768]),1,12,0,77.87,80.45,94.13,87.94,83.36,91.0,74.61,84.19428571428571
bert-base,SUM_LYR-7,torch.Size([768]),1,12,0,74.82,79.76,92.72,87.57,83.25,89.8,64.7,81.80285714285715
bert-base,MAX_LYR-7,torch.Size([768]),1,12,0,72.92,68.77,91.33,86.98,79.68,86.6,67.77,79.14999999999999
bert-base,AVG-NS_LYR-7,torch.Size([768]),1,12,0,77.86,80.93,93.83,88.51,83.03,91.0,73.8,84.13714285714285
bert-base,SUM-NS_LYR-7,torch.Size([768]),1,12,0,75.87,79.63,92.55,87.33,83.03,89.8,64.06,81.75285714285714
bert-base,MAX-NS_LYR-7,torch.Size([768]),1,12,0,72.84,72.08,91.15,87.44,80.12,86.6,67.94,79.73857142857143
bert-base,CLS+AVG_LYR-7,torch.Size([1536]),1,12,0,78.61,79.39,94.45,88.78,83.91,91.2,74.84,84.45428571428572
bert-base,CLS+SUM_LYR-7,torch.Size([1536]),1,12,0,76.08,79.79,92.94,88.36,83.42,91.4,67.88,82.83857142857143
bert-base,CLS+MAX_LYR-7,torch.Size([1536]),1,12,0,76.39,77.17,93.16,87.95,83.25,92.4,69.74,82.86571428571429
bert-base,CLS+AVG-NS_LYR-7,torch.Size([1536]),1,12,0,78.99,80.05,94.37,89.0,85.28,91.0,74.26,84.70714285714284
bert-base,CLS+SUM-NS_LYR-7,torch.Size([1536]),1,12,0,75.03,79.68,93.01,88.44,82.65,91.0,68.75,82.65142857142858
bert-base,CLS+MAX-NS_LYR-7,torch.Size([1536]),1,12,0,76.34,77.14,93.06,88.48,83.14,91.2,69.91,82.75285714285714
bert-base,DY3_LYR-7,torch.Size([2304]),1,12,0,79.15,81.16,94.58,89.03,80.72,91.8,68.29,83.53285714285713
bert-base,DY3-NS_LYR-7,torch.Size([2304]),1,12,0,78.68,80.87,94.5,88.57,80.94,92.0,67.54,83.29999999999998
bert-base,DY5_LYR-7,torch.Size([3840]),1,12,0,78.2,81.85,94.87,88.53,79.46,91.8,69.16,83.41
bert-base,DY5-NS_LYR-7,torch.Size([3840]),1,12,0,78.37,81.09,94.52,68.77,50.08,93.6,64.35,75.82571428571428
bert-base,CLS_LYR-8,torch.Size([768]),1,12,0,76.14,73.69,93.13,86.97,83.36,78.0,69.51,80.11428571428571
bert-base,AVG_LYR-8,torch.Size([768]),1,12,0,79.95,82.65,94.17,88.43,84.95,92.0,74.14,85.18428571428572
bert-base,SUM_LYR-8,torch.Size([768]),1,12,0,77.15,81.54,93.51,87.82,83.42,89.8,61.1,82.04857142857144
bert-base,MAX_LYR-8,torch.Size([768]),1,12,0,74.49,73.4,91.67,87.24,80.83,87.4,70.96,80.85571428571428
bert-base,AVG-NS_LYR-8,torch.Size([768]),1,12,0,79.74,82.65,94.16,88.79,84.73,91.8,74.26,85.16142857142857
bert-base,SUM-NS_LYR-8,torch.Size([768]),1,12,0,76.8,81.56,93.44,87.55,83.2,90.0,64.0,82.36428571428571
bert-base,MAX-NS_LYR-8,torch.Size([768]),1,12,0,74.97,76.05,91.73,87.15,81.6,89.6,69.51,81.51571428571428
bert-base,CLS+AVG_LYR-8,torch.Size([1536]),1,12,0,80.08,81.91,94.25,88.95,85.5,91.2,75.36,85.32142857142857
bert-base,CLS+SUM_LYR-8,torch.Size([1536]),1,12,0,76.75,82.28,93.57,88.05,84.95,91.8,61.62,82.71714285714286
bert-base,CLS+MAX_LYR-8,torch.Size([1536]),1,12,0,78.09,78.22,93.52,87.95,85.72,92.2,71.01,83.8157142857143
bert-base,CLS+AVG-NS_LYR-8,torch.Size([1536]),1,12,0,80.39,82.59,94.34,89.22,86.33,91.4,74.78,85.57857142857144
bert-base,CLS+SUM-NS_LYR-8,torch.Size([1536]),1,12,0,77.15,82.33,93.6,88.21,84.35,91.4,61.57,82.65857142857143
bert-base,CLS+MAX-NS_LYR-8,torch.Size([1536]),1,12,0,77.99,78.75,93.62,88.47,85.61,92.0,70.9,83.9057142857143
bert-base,DY3_LYR-8,torch.Size([2304]),1,12,0,80.38,83.58,94.54,89.39,81.11,92.2,68.99,84.31285714285715
bert-base,DY3-NS_LYR-8,torch.Size([2304]),1,12,0,79.78,83.97,94.63,89.02,82.1,91.8,67.71,84.14428571428572
bert-base,DY5_LYR-8,torch.Size([3840]),1,12,0,80.55,83.23,94.68,88.85,81.44,93.8,68.75,84.47142857142858
bert-base,DY5-NS_LYR-8,torch.Size([3840]),1,12,0,79.76,84.4,94.78,68.77,50.08,94.4,66.49,76.95428571428572
bert-base,CLS_LYR-9,torch.Size([768]),1,12,0,79.33,81.17,93.98,87.32,84.29,82.0,71.36,82.77857142857144
bert-base,AVG_LYR-9,torch.Size([768]),1,12,0,80.64,85.17,94.04,88.18,85.34,90.4,73.74,85.35857142857142
bert-base,SUM_LYR-9,torch.Size([768]),1,12,0,79.44,83.6,93.34,87.08,85.83,92.2,67.19,84.09714285714287
bert-base,MAX_LYR-9,torch.Size([768]),1,12,0,77.52,77.99,92.1,86.85,82.65,89.8,72.12,82.71857142857142
bert-base,AVG-NS_LYR-9,torch.Size([768]),1,12,0,80.76,85.27,94.13,87.82,85.45,90.0,74.26,85.38428571428571
bert-base,SUM-NS_LYR-9,torch.Size([768]),1,12,0,78.95,83.37,93.46,87.25,85.34,91.8,67.07,83.89142857142858
bert-base,MAX-NS_LYR-9,torch.Size([768]),1,12,0,77.53,78.3,92.39,86.69,82.7,90.4,70.78,82.6842857142857
bert-base,CLS+AVG_LYR-9,torch.Size([1536]),1,12,0,81.46,85.38,94.7,88.69,86.93,92.0,74.96,86.30285714285715
bert-base,CLS+SUM_LYR-9,torch.Size([1536]),1,12,0,78.0,83.39,93.45,88.24,85.5,91.6,70.61,84.39857142857143
bert-base,CLS+MAX_LYR-9,torch.Size([1536]),1,12,0,80.65,81.91,93.91,88.55,86.0,93.0,72.7,85.24571428571429
bert-base,CLS+AVG-NS_LYR-9,torch.Size([1536]),1,12,0,81.21,84.29,94.85,88.94,87.37,91.4,74.9,86.13714285714286
bert-base,CLS+SUM-NS_LYR-9,torch.Size([1536]),1,12,0,79.16,84.35,93.94,88.1,85.72,91.2,65.04,83.92999999999999
bert-base,CLS+MAX-NS_LYR-9,torch.Size([1536]),1,12,0,80.78,82.91,94.38,88.92,86.99,93.2,72.58,85.68000000000002
bert-base,DY3_LYR-9,torch.Size([2304]),1,12,0,80.9,85.93,94.95,89.19,83.36,92.4,70.43,85.30857142857144
bert-base,DY3-NS_LYR-9,torch.Size([2304]),1,12,0,81.24,85.61,94.85,88.84,83.25,91.6,70.26,85.09285714285714
bert-base,DY5_LYR-9,torch.Size([3840]),1,12,0,81.79,86.25,95.1,88.56,83.14,93.8,68.75,85.34142857142857
bert-base,DY5-NS_LYR-9,torch.Size([3840]),1,12,0,81.62,86.6,95.02,68.77,50.08,93.6,65.68,77.33857142857141
bert-base,CLS_LYR-10,torch.Size([768]),1,12,0,81.21,82.83,94.1,87.08,86.44,83.8,70.32,83.68285714285715
bert-base,AVG_LYR-10,torch.Size([768]),1,12,0,80.76,85.27,94.2,88.05,85.94,88.8,74.14,85.30857142857143
bert-base,SUM_LYR-10,torch.Size([768]),1,12,0,78.22,83.97,93.56,87.51,85.61,90.2,68.29,83.90857142857143
bert-base,MAX_LYR-10,torch.Size([768]),1,12,0,78.96,78.97,93.17,87.26,84.62,89.0,71.65,83.37571428571428
bert-base,AVG-NS_LYR-10,torch.Size([768]),1,12,0,80.84,85.06,94.09,87.87,85.72,89.0,73.45,85.14714285714287
bert-base,SUM-NS_LYR-10,torch.Size([768]),1,12,0,76.95,83.39,93.68,86.58,84.62,90.8,66.96,83.28285714285714
bert-base,MAX-NS_LYR-10,torch.Size([768]),1,12,0,78.51,79.31,92.89,86.82,84.29,89.4,70.61,83.11857142857143
bert-base,CLS+AVG_LYR-10,torch.Size([1536]),1,12,0,82.29,85.64,94.85,88.67,87.31,90.8,75.13,86.38428571428571
bert-base,CLS+SUM_LYR-10,torch.Size([1536]),1,12,0,77.92,83.71,93.78,88.27,86.77,89.4,68.23,84.01142857142858
bert-base,CLS+MAX_LYR-10,torch.Size([1536]),1,12,0,81.63,85.17,94.4,88.22,86.82,90.4,70.96,85.3714285714286
bert-base,CLS+AVG-NS_LYR-10,torch.Size([1536]),1,12,0,82.22,84.85,94.88,89.04,87.26,91.0,75.25,86.35714285714286
bert-base,CLS+SUM-NS_LYR-10,torch.Size([1536]),1,12,0,78.51,83.42,93.84,88.45,86.16,89.6,68.64,84.08857142857143
bert-base,CLS+MAX-NS_LYR-10,torch.Size([1536]),1,12,0,81.71,83.74,94.61,88.29,87.1,90.6,72.06,85.44428571428573
bert-base,DY3_LYR-10,torch.Size([2304]),1,12,0,81.47,86.57,94.64,88.89,84.18,91.2,72.06,85.57285714285715
bert-base,DY3-NS_LYR-10,torch.Size([2304]),1,12,0,81.27,86.78,95.03,88.68,83.96,91.2,70.03,85.27857142857144
bert-base,DY5_LYR-10,torch.Size([3840]),1,12,0,81.57,86.81,94.94,88.7,84.24,92.4,65.62,84.89714285714285
bert-base,DY5-NS_LYR-10,torch.Size([3840]),1,12,0,81.77,86.12,95.11,68.77,50.08,93.4,69.28,77.78999999999999
bert-base,CLS_LYR-11,torch.Size([768]),1,12,0,81.67,84.03,94.55,87.67,87.1,86.0,70.55,84.50999999999999
bert-base,AVG_LYR-11,torch.Size([768]),1,12,0,80.33,84.93,94.33,88.0,85.06,87.8,73.97,84.91714285714285
bert-base,SUM_LYR-11,torch.Size([768]),1,12,0,78.06,83.68,93.6,87.11,85.34,90.4,64.46,83.23571428571428
bert-base,MAX_LYR-11,torch.Size([768]),1,12,0,77.78,79.79,93.33,87.37,83.96,85.6,72.29,82.8742857142857
bert-base,AVG-NS_LYR-11,torch.Size([768]),1,12,0,80.33,84.69,94.46,87.61,84.84,88.6,73.62,84.87857142857142
bert-base,SUM-NS_LYR-11,torch.Size([768]),1,12,0,77.4,83.84,93.52,86.68,84.84,90.0,63.71,82.85571428571428
bert-base,MAX-NS_LYR-11,torch.Size([768]),1,12,0,78.05,80.05,93.43,86.42,83.96,87.8,71.88,83.0842857142857
bert-base,CLS+AVG_LYR-11,torch.Size([1536]),1,12,0,82.28,85.03,94.9,88.55,87.48,89.8,73.04,85.86857142857143
bert-base,CLS+SUM_LYR-11,torch.Size([1536]),1,12,0,79.05,82.62,93.68,87.49,85.72,92.0,62.61,83.31000000000002
bert-base,CLS+MAX_LYR-11,torch.Size([1536]),1,12,0,81.7,83.29,94.78,87.87,86.71,90.2,75.01,85.65142857142857
bert-base,CLS+AVG-NS_LYR-11,torch.Size([1536]),1,12,0,82.1,84.98,95.12,88.4,87.42,90.0,73.04,85.86571428571428
bert-base,CLS+SUM-NS_LYR-11,torch.Size([1536]),1,12,0,78.77,82.49,93.71,87.64,86.0,92.2,60.06,82.98142857142855
bert-base,CLS+MAX-NS_LYR-11,torch.Size([1536]),1,12,0,81.61,83.42,94.89,87.94,86.77,90.2,75.01,85.69142857142857
bert-base,DY3_LYR-11,torch.Size([2304]),1,12,0,80.93,85.53,95.04,88.55,83.64,92.0,71.54,85.31857142857143
bert-base,DY3-NS_LYR-11,torch.Size([2304]),1,12,0,81.11,85.99,95.06,88.61,83.75,91.4,70.84,85.25142857142858
bert-base,DY5_LYR-11,torch.Size([3840]),1,12,0,81.31,86.41,95.1,88.81,83.8,93.0,69.68,85.44428571428573
bert-base,DY5-NS_LYR-11,torch.Size([3840]),1,12,0,81.13,86.46,95.27,68.77,50.08,94.4,69.57,77.95428571428569
bert-base,CLS_LYR-12,torch.Size([768]),1,12,0,81.32,84.13,94.56,86.71,86.16,81.6,71.83,83.75857142857144
bert-base,AVG_LYR-12,torch.Size([768]),1,12,0,80.26,83.5,94.43,87.1,84.79,85.2,73.91,84.16999999999999
bert-base,SUM_LYR-12,torch.Size([768]),1,12,0,78.59,82.57,93.66,87.08,85.12,89.8,64.93,83.10714285714286
bert-base,MAX_LYR-12,torch.Size([768]),1,12,0,77.48,74.02,92.59,85.59,83.36,81.2,71.42,80.80857142857143
bert-base,AVG-NS_LYR-12,torch.Size([768]),1,12,0,80.52,83.71,94.26,86.97,84.79,83.6,73.8,83.95
bert-base,SUM-NS_LYR-12,torch.Size([768]),1,12,0,78.04,82.97,93.55,86.54,85.45,89.8,67.13,83.35428571428572
bert-base,MAX-NS_LYR-12,torch.Size([768]),1,12,0,77.58,76.58,92.82,85.81,82.1,81.4,71.77,81.15142857142857
bert-base,CLS+AVG_LYR-12,torch.Size([1536]),1,12,0,81.69,85.38,95.15,88.15,86.77,88.8,73.68,85.65999999999998
bert-base,CLS+SUM_LYR-12,torch.Size([1536]),1,12,0,79.44,84.27,93.9,87.37,86.66,91.2,69.28,84.58857142857143
bert-base,CLS+MAX_LYR-12,torch.Size([1536]),1,12,0,81.87,84.29,94.79,87.04,86.99,87.6,72.93,85.07285714285715
bert-base,CLS+AVG-NS_LYR-12,torch.Size([1536]),1,12,0,81.73,84.5,95.16,87.98,86.71,89.4,74.09,85.65285714285714
bert-base,CLS+SUM-NS_LYR-12,torch.Size([1536]),1,12,0,79.51,83.87,93.83,87.46,86.71,89.8,69.45,84.37571428571428
bert-base,CLS+MAX-NS_LYR-12,torch.Size([1536]),1,12,0,81.7,83.58,94.48,87.46,86.66,87.2,72.81,84.84142857142858
bert-base,DY3_LYR-12,torch.Size([2304]),1,12,0,80.76,84.82,94.88,87.98,83.96,89.0,70.38,84.53999999999999
bert-base,DY3-NS_LYR-12,torch.Size([2304]),1,12,0,80.64,84.66,94.92,88.18,83.96,90.2,70.2,84.68000000000002
bert-base,DY5_LYR-12,torch.Size([3840]),1,12,0,80.95,85.56,95.01,88.3,82.15,90.8,67.59,84.33714285714287
bert-base,DY5-NS_LYR-12,torch.Size([3840]),1,12,0,80.7,84.74,94.91,68.77,50.08,92.2,67.48,76.98285714285714
bert-base,CLS_SUML4L,torch.Size([768]),1,12,0,81.89,84.43,95.09,87.61,87.26,88.4,62.38,83.86571428571428
bert-base,AVG_SUML4L,torch.Size([768]),1,12,0,81.34,86.78,94.42,88.33,86.27,91.0,70.38,85.50285714285714
bert-base,SUM_SUML4L,torch.Size([768]),1,12,0,76.11,82.68,93.45,86.33,85.67,88.6,65.22,82.58000000000001
bert-base,MAX_SUML4L,torch.Size([768]),1,12,0,76.59,78.09,92.19,86.5,83.8,85.4,67.19,81.39428571428572
bert-base,AVG-NS_SUML4L,torch.Size([768]),1,12,0,81.1,85.61,94.46,88.09,86.49,91.6,68.75,85.15714285714286
bert-base,SUM-NS_SUML4L,torch.Size([768]),1,12,0,76.04,83.15,93.08,85.86,85.72,88.2,65.57,82.51714285714287
bert-base,MAX-NS_SUML4L,torch.Size([768]),1,12,0,77.38,76.08,92.76,86.81,83.75,91.4,67.54,82.24571428571427
bert-base,CLS+AVG_SUML4L,torch.Size([1536]),1,12,0,82.4,85.99,95.2,88.59,87.92,92.2,71.65,86.27857142857142
bert-base,CLS+SUM_SUML4L,torch.Size([1536]),1,12,0,76.61,83.84,93.31,86.66,85.06,86.8,67.77,82.86428571428571
bert-base,CLS+MAX_SUML4L,torch.Size([1536]),1,12,0,80.53,83.81,94.55,87.76,86.71,92.4,67.07,84.68999999999998
bert-base,CLS+AVG-NS_SUML4L,torch.Size([1536]),1,12,0,82.41,85.77,95.13,88.73,87.7,90.4,72.17,86.0442857142857
bert-base,CLS+SUM-NS_SUML4L,torch.Size([1536]),1,12,0,76.95,83.36,93.09,87.07,85.34,87.8,65.91,82.78857142857143
bert-base,CLS+MAX-NS_SUML4L,torch.Size([1536]),1,12,0,80.54,83.73,94.8,88.19,87.59,92.0,66.49,84.76285714285714
bert-base,DY3_SUML4L,torch.Size([2304]),1,12,0,81.98,85.46,95.24,88.63,84.13,92.4,70.38,85.46000000000001
bert-base,DY3-NS_SUML4L,torch.Size([2304]),1,12,0,81.14,86.46,95.02,88.32,83.8,92.8,70.38,85.41714285714285
bert-base,DY5_SUML4L,torch.Size([3840]),1,12,0,81.39,86.07,94.35,88.25,83.86,92.0,68.12,84.86285714285714
bert-base,DY5-NS_SUML4L,torch.Size([3840]),1,12,0,80.36,86.2,94.94,68.77,50.08,92.4,64.41,76.73714285714286
bert-base,CLS_AVGL4L,torch.Size([768]),1,12,0,81.23,84.61,94.79,87.6,86.05,81.6,70.32,83.74285714285715
bert-base,AVG_AVGL4L,torch.Size([768]),1,12,0,81.21,85.06,94.44,87.88,85.78,90.0,73.97,85.47714285714287
bert-base,SUM_AVGL4L,torch.Size([768]),1,12,0,78.06,84.21,93.85,87.55,86.38,90.6,67.54,84.02714285714285
bert-base,MAX_AVGL4L,torch.Size([768]),1,12,0,77.83,78.44,93.36,87.01,83.96,85.4,72.06,82.58
bert-base,AVG-NS_AVGL4L,torch.Size([768]),1,12,0,80.9,84.69,94.32,87.75,85.72,89.2,74.43,85.28714285714285
bert-base,SUM-NS_AVGL4L,torch.Size([768]),1,12,0,78.3,84.21,93.95,86.76,86.16,90.6,67.07,83.86428571428571
bert-base,MAX-NS_AVGL4L,torch.Size([768]),1,12,0,78.33,80.24,93.21,86.71,84.07,88.6,71.83,83.28428571428572
bert-base,CLS+AVG_AVGL4L,torch.Size([1536]),1,12,0,82.24,84.98,95.26,88.43,87.86,89.0,75.07,86.11999999999999
bert-base,CLS+SUM_AVGL4L,torch.Size([1536]),1,12,0,79.24,84.77,94.23,88.34,86.0,91.0,66.03,84.23
bert-base,CLS+MAX_AVGL4L,torch.Size([1536]),1,12,0,82.05,83.71,94.9,88.39,87.42,90.6,73.28,85.7642857142857
bert-base,CLS+AVG-NS_AVGL4L,torch.Size([1536]),1,12,0,82.02,85.67,95.08,88.99,87.37,90.2,74.96,86.32714285714287
bert-base,CLS+SUM-NS_AVGL4L,torch.Size([1536]),1,12,0,78.94,84.27,93.94,88.33,86.38,91.4,71.54,84.97142857142856
bert-base,CLS+MAX-NS_AVGL4L,torch.Size([1536]),1,12,0,81.79,84.53,94.92,88.5,87.37,90.8,72.81,85.81714285714285
bert-base,DY3_AVGL4L,torch.Size([2304]),1,12,0,81.53,85.22,94.97,88.58,83.42,91.0,70.96,85.09714285714287
bert-base,DY3-NS_AVGL4L,torch.Size([2304]),1,12,0,81.44,86.31,95.02,88.95,84.9,92.4,69.33,85.47857142857143
bert-base,DY5_AVGL4L,torch.Size([3840]),1,12,0,81.65,86.94,95.15,88.87,83.69,92.8,70.55,85.66428571428571
bert-base,DY5-NS_AVGL4L,torch.Size([3840]),1,12,0,81.69,86.41,95.1,68.77,50.08,93.4,67.65,77.58571428571427
bert-base,CLS_SUMALL,torch.Size([768]),1,12,0,79.86,82.86,94.78,86.61,86.49,88.8,66.49,83.69857142857143
bert-base,AVG_SUMALL,torch.Size([768]),1,12,0,80.03,83.34,94.85,88.33,85.94,91.6,66.09,84.31142857142858
bert-base,SUM_SUMALL,torch.Size([768]),1,12,0,74.31,79.81,92.37,85.78,85.67,86.2,66.32,81.49428571428572
bert-base,MAX_SUMALL,torch.Size([768]),1,12,0,71.92,63.47,89.68,86.84,82.32,85.4,65.68,77.90142857142857
bert-base,AVG-NS_SUMALL,torch.Size([768]),1,12,0,79.36,83.63,94.76,88.24,85.45,90.6,64.35,83.77
bert-base,SUM-NS_SUMALL,torch.Size([768]),1,12,0,74.21,80.32,92.85,85.25,83.8,86.2,65.97,81.22857142857143
bert-base,MAX-NS_SUMALL,torch.Size([768]),1,12,0,70.65,64.93,89.86,86.52,81.6,85.2,65.68,77.77714285714285
bert-base,CLS+AVG_SUMALL,torch.Size([1536]),1,12,0,80.81,84.11,94.95,88.26,86.99,93.8,66.49,85.05857142857143
bert-base,CLS+SUM_SUMALL,torch.Size([1536]),1,12,0,74.1,81.67,92.73,85.66,85.78,87.6,64.17,81.67285714285713
bert-base,CLS+MAX_SUMALL,torch.Size([1536]),1,12,0,76.34,74.09,93.03,86.76,86.0,90.0,66.61,81.83285714285715
bert-base,CLS+AVG-NS_SUMALL,torch.Size([1536]),1,12,0,80.5,83.63,94.94,88.58,87.2,92.6,68.64,85.15571428571427
bert-base,CLS+SUM-NS_SUMALL,torch.Size([1536]),1,12,0,73.7,81.4,92.45,85.81,84.73,87.6,67.13,81.83142857142857
bert-base,CLS+MAX-NS_SUMALL,torch.Size([1536]),1,12,0,76.99,73.96,92.83,86.86,86.05,90.8,66.2,81.9557142857143
bert-base,DY3_SUMALL,torch.Size([2304]),1,12,0,79.83,82.49,94.4,88.49,81.88,90.4,65.91,83.34285714285714
bert-base,DY3-NS_SUMALL,torch.Size([2304]),1,12,0,79.08,82.78,94.22,87.68,82.04,90.4,61.22,82.48857142857143
bert-base,DY5_SUMALL,torch.Size([3840]),1,12,0,79.28,82.51,94.43,87.27,82.98,91.6,67.83,83.70000000000002
bert-base,DY5-NS_SUMALL,torch.Size([3840]),1,12,0,78.05,82.81,94.21,68.77,50.08,91.2,63.77,75.55571428571429
bert-base,CLS_AVGALL,torch.Size([768]),1,12,0,80.01,73.09,93.92,87.37,85.72,75.0,67.83,80.42
bert-base,AVG_AVGALL,torch.Size([768]),1,12,0,79.68,83.31,94.04,89.07,83.86,89.0,69.39,84.05
bert-base,SUM_AVGALL,torch.Size([768]),1,12,0,79.07,82.12,93.8,88.32,85.67,89.4,66.14,83.50285714285714
bert-base,MAX_AVGALL,torch.Size([768]),1,12,0,75.79,71.9,92.1,87.88,80.4,81.8,69.57,79.91999999999999
bert-base,AVG-NS_AVGALL,torch.Size([768]),1,12,0,79.65,83.02,93.94,89.27,83.8,89.4,69.28,84.05142857142857
bert-base,SUM-NS_AVGALL,torch.Size([768]),1,12,0,78.78,81.06,93.14,88.41,85.28,89.8,66.26,83.24714285714285
bert-base,MAX-NS_AVGALL,torch.Size([768]),1,12,0,75.19,72.66,92.05,88.29,81.33,84.2,70.03,80.53571428571429
bert-base,CLS+AVG_AVGALL,torch.Size([1536]),1,12,0,80.59,82.49,94.59,89.4,86.27,89.8,74.09,85.31857142857142
bert-base,CLS+SUM_AVGALL,torch.Size([1536]),1,12,0,78.27,82.52,93.54,88.92,85.56,92.2,65.45,83.78
bert-base,CLS+MAX_AVGALL,torch.Size([1536]),1,12,0,80.22,81.06,93.65,88.73,86.11,87.8,72.81,84.34000000000002
bert-base,CLS+AVG-NS_AVGALL,torch.Size([1536]),1,12,0,80.54,82.6,94.8,89.7,86.22,89.6,74.61,85.43857142857144
bert-base,CLS+SUM-NS_AVGALL,torch.Size([1536]),1,12,0,78.64,82.01,93.54,89.01,85.39,92.2,65.91,83.8142857142857
bert-base,CLS+MAX-NS_AVGALL,torch.Size([1536]),1,12,0,80.33,80.98,93.8,88.87,86.33,88.0,72.0,84.33
bert-base,DY3_AVGALL,torch.Size([2304]),1,12,0,79.91,83.55,94.65,89.68,82.26,89.8,68.41,84.03714285714285
bert-base,DY3-NS_AVGALL,torch.Size([2304]),1,12,0,79.67,83.97,94.48,89.13,82.21,91.4,67.77,84.09
bert-base,DY5_AVGALL,torch.Size([3840]),1,12,0,80.21,84.56,94.91,88.95,82.54,91.4,68.29,84.40857142857142
bert-base,DY5-NS_AVGALL,torch.Size([3840]),1,12,0,80.2,84.24,94.88,68.77,50.08,94.0,68.0,77.16714285714285
roberta-base,CLS_LYR-7,torch.Size([768]),1,12,0,75.45,63.76,86.11,68.77,85.72,52.0,66.49,71.18571428571428
roberta-base,AVG_LYR-7,torch.Size([768]),1,12,0,84.22,86.94,94.17,87.59,90.61,89.4,66.49,85.63142857142857
roberta-base,SUM_LYR-7,torch.Size([768]),1,12,0,83.05,84.98,93.25,87.48,90.12,92.0,66.49,85.33857142857143
roberta-base,MAX_LYR-7,torch.Size([768]),1,12,0,79.49,73.64,91.9,86.54,87.26,85.6,65.51,81.41999999999999
roberta-base,AVG-NS_LYR-7,torch.Size([768]),1,12,0,84.27,87.58,93.98,87.67,90.66,91.0,66.49,85.95
roberta-base,SUM-NS_LYR-7,torch.Size([768]),1,12,0,83.54,85.64,93.72,87.54,90.28,92.4,66.49,85.65857142857143
roberta-base,MAX-NS_LYR-7,torch.Size([768]),1,12,0,79.51,74.2,91.51,86.73,87.15,85.8,65.51,81.48714285714287
roberta-base,CLS+AVG_LYR-7,torch.Size([1536]),1,12,0,83.65,84.16,93.66,87.4,90.55,88.8,72.46,85.81142857142858
roberta-base,CLS+SUM_LYR-7,torch.Size([1536]),1,12,0,83.59,86.09,94.07,87.61,89.79,91.8,67.59,85.79142857142858
roberta-base,CLS+MAX_LYR-7,torch.Size([1536]),1,12,0,79.42,74.12,92.15,86.79,88.58,85.8,72.35,82.74428571428572
roberta-base,CLS+AVG-NS_LYR-7,torch.Size([1536]),1,12,0,83.89,84.42,93.92,87.38,90.77,90.4,72.58,86.19428571428571
roberta-base,CLS+SUM-NS_LYR-7,torch.Size([1536]),1,12,0,83.59,86.99,94.38,87.95,89.73,92.6,67.19,86.06142857142858
roberta-base,CLS+MAX-NS_LYR-7,torch.Size([1536]),1,12,0,79.62,73.7,91.93,86.86,88.25,85.6,71.83,82.54142857142858
roberta-base,DY3_LYR-7,torch.Size([2304]),1,12,0,84.88,87.26,94.5,88.85,89.29,90.0,69.04,86.25999999999999
roberta-base,DY3-NS_LYR-7,torch.Size([2304]),1,12,0,84.93,88.11,94.59,88.65,89.68,91.4,66.72,86.29714285714286
roberta-base,DY5_LYR-7,torch.Size([3840]),1,12,0,85.19,88.63,94.18,88.3,89.24,89.2,64.81,85.64999999999999
roberta-base,DY5-NS_LYR-7,torch.Size([3840]),1,12,0,84.73,89.43,94.35,68.77,88.74,92.4,64.12,83.22
roberta-base,CLS_LYR-8,torch.Size([768]),1,12,0,71.42,63.76,81.64,68.77,81.16,45.0,66.49,68.32000000000001
roberta-base,AVG_LYR-8,torch.Size([768]),1,12,0,83.97,87.39,93.82,87.44,90.72,90.8,66.49,85.80428571428571
roberta-base,SUM_LYR-8,torch.Size([768]),1,12,0,83.66,87.26,94.31,87.24,90.77,92.8,63.54,85.6542857142857
roberta-base,MAX_LYR-8,torch.Size([768]),1,12,0,80.47,73.85,92.01,86.81,86.82,82.8,65.45,81.17285714285715
roberta-base,AVG-NS_LYR-8,torch.Size([768]),1,12,0,84.07,87.39,93.89,87.47,90.77,91.8,66.49,85.98285714285713
roberta-base,SUM-NS_LYR-8,torch.Size([768]),1,12,0,83.57,87.58,94.33,87.21,90.28,93.0,66.49,86.06571428571428
roberta-base,MAX-NS_LYR-8,torch.Size([768]),1,12,0,79.91,73.99,91.86,86.64,86.99,82.2,65.45,81.00571428571428
roberta-base,CLS+AVG_LYR-8,torch.Size([1536]),1,12,0,84.28,82.89,93.66,87.12,90.61,90.2,72.64,85.91428571428573
roberta-base,CLS+SUM_LYR-8,torch.Size([1536]),1,12,0,83.74,86.2,93.52,87.7,90.44,91.4,66.78,85.68285714285715
roberta-base,CLS+MAX_LYR-8,torch.Size([1536]),1,12,0,81.15,72.63,92.12,86.65,86.99,84.6,70.2,82.04857142857144
roberta-base,CLS+AVG-NS_LYR-8,torch.Size([1536]),1,12,0,84.67,83.29,93.7,87.44,90.77,87.6,72.35,85.68857142857144
roberta-base,CLS+SUM-NS_LYR-8,torch.Size([1536]),1,12,0,83.55,87.23,93.54,87.38,90.28,91.8,67.94,85.96000000000001
roberta-base,CLS+MAX-NS_LYR-8,torch.Size([1536]),1,12,0,80.9,74.2,92.26,86.78,86.93,85.2,71.59,82.55142857142857
roberta-base,DY3_LYR-8,torch.Size([2304]),1,12,0,84.61,88.13,94.7,88.62,90.06,89.6,67.3,86.14571428571428
roberta-base,DY3-NS_LYR-8,torch.Size([2304]),1,12,0,84.98,88.29,94.62,88.59,89.84,91.2,66.84,86.33714285714288
roberta-base,DY5_LYR-8,torch.Size([3840]),1,12,0,85.56,89.3,94.58,88.05,89.4,90.6,68.52,86.57285714285715
roberta-base,DY5-NS_LYR-8,torch.Size([3840]),1,12,0,85.46,89.38,94.6,68.77,89.57,92.4,65.91,83.72714285714285
roberta-base,CLS_LYR-9,torch.Size([768]),1,12,0,74.58,63.76,82.98,68.77,81.11,33.0,66.49,67.24142857142857
roberta-base,AVG_LYR-9,torch.Size([768]),1,12,0,84.1,86.52,93.69,86.99,90.5,88.0,66.49,85.1842857142857
roberta-base,SUM_LYR-9,torch.Size([768]),1,12,0,82.87,86.62,93.77,86.83,90.83,91.8,64.17,85.26999999999998
roberta-base,MAX_LYR-9,torch.Size([768]),1,12,0,79.66,72.34,91.49,85.82,86.33,82.6,66.49,80.67571428571429
roberta-base,AVG-NS_LYR-9,torch.Size([768]),1,12,0,83.62,86.97,93.7,87.27,90.72,88.2,66.49,85.28142857142858
roberta-base,SUM-NS_LYR-9,torch.Size([768]),1,12,0,82.91,86.62,93.81,87.02,90.88,91.2,66.49,85.56142857142858
roberta-base,MAX-NS_LYR-9,torch.Size([768]),1,12,0,78.95,70.73,91.22,85.99,86.27,85.0,66.49,80.66428571428571
roberta-base,CLS+AVG_LYR-9,torch.Size([1536]),1,12,0,83.47,83.15,93.73,87.47,90.44,86.0,73.16,85.34571428571428
roberta-base,CLS+SUM_LYR-9,torch.Size([1536]),1,12,0,82.56,86.54,93.81,86.93,90.44,92.2,66.55,85.57571428571428
roberta-base,CLS+MAX_LYR-9,torch.Size([1536]),1,12,0,78.98,68.48,91.68,85.96,87.15,84.4,70.72,81.05285714285715
roberta-base,CLS+AVG-NS_LYR-9,torch.Size([1536]),1,12,0,83.4,82.7,93.49,87.38,90.61,83.4,71.77,84.67857142857143
roberta-base,CLS+SUM-NS_LYR-9,torch.Size([1536]),1,12,0,82.7,86.25,93.47,86.68,90.5,90.8,66.03,85.2042857142857
roberta-base,CLS+MAX-NS_LYR-9,torch.Size([1536]),1,12,0,79.2,69.72,91.51,85.93,87.15,84.6,66.78,80.69857142857143
roberta-base,DY3_LYR-9,torch.Size([2304]),1,12,0,84.62,88.05,94.61,88.36,89.51,90.0,68.7,86.26428571428573
roberta-base,DY3-NS_LYR-9,torch.Size([2304]),1,12,0,84.65,87.74,94.74,87.94,89.79,91.6,67.36,86.26
roberta-base,DY5_LYR-9,torch.Size([3840]),1,12,0,84.92,88.26,94.98,87.58,89.79,89.8,68.58,86.27285714285715
roberta-base,DY5-NS_LYR-9,torch.Size([3840]),1,12,0,84.89,88.08,94.86,68.77,89.29,93.0,67.94,83.83285714285714
roberta-base,CLS_LYR-10,torch.Size([768]),1,12,0,76.08,63.76,85.89,68.77,80.83,38.0,66.49,68.54571428571428
roberta-base,AVG_LYR-10,torch.Size([768]),1,12,0,83.63,86.38,93.66,87.03,90.5,89.2,66.49,85.27
roberta-base,SUM_LYR-10,torch.Size([768]),1,12,0,83.07,86.54,94.01,86.46,90.28,92.4,66.43,85.59857142857143
roberta-base,MAX_LYR-10,torch.Size([768]),1,12,0,79.18,70.89,91.4,86.08,87.04,84.2,66.49,80.75428571428571
roberta-base,AVG-NS_LYR-10,torch.Size([768]),1,12,0,83.26,86.38,93.78,87.08,90.5,89.2,66.49,85.24142857142856
roberta-base,SUM-NS_LYR-10,torch.Size([768]),1,12,0,83.07,86.54,94.26,86.59,89.62,90.8,63.01,84.84142857142857
roberta-base,MAX-NS_LYR-10,torch.Size([768]),1,12,0,79.44,70.73,91.72,86.34,87.7,84.2,66.49,80.94571428571429
roberta-base,CLS+AVG_LYR-10,torch.Size([1536]),1,12,0,82.4,82.01,93.47,86.52,90.06,88.4,75.07,85.41857142857144
roberta-base,CLS+SUM_LYR-10,torch.Size([1536]),1,12,0,83.13,86.55,93.73,86.99,89.51,92.2,67.25,85.62285714285714
roberta-base,CLS+MAX_LYR-10,torch.Size([1536]),1,12,0,79.87,69.96,92.12,85.94,87.92,83.8,71.36,81.56714285714285
roberta-base,CLS+AVG-NS_LYR-10,torch.Size([1536]),1,12,0,82.75,82.73,93.64,87.59,90.44,89.6,75.07,85.9742857142857
roberta-base,CLS+SUM-NS_LYR-10,torch.Size([1536]),1,12,0,83.55,86.23,93.52,87.09,89.35,93.2,66.96,85.70000000000002
roberta-base,CLS+MAX-NS_LYR-10,torch.Size([1536]),1,12,0,79.9,69.72,91.91,86.22,87.7,84.4,70.61,81.49428571428572
roberta-base,DY3_LYR-10,torch.Size([2304]),1,12,0,83.94,87.23,94.62,88.26,89.18,90.6,68.75,86.08285714285715
roberta-base,DY3-NS_LYR-10,torch.Size([2304]),1,12,0,83.69,88.21,94.42,87.77,89.02,91.0,66.67,85.82571428571427
roberta-base,DY5_LYR-10,torch.Size([3840]),1,12,0,84.55,88.29,95.27,87.47,89.35,89.0,68.12,86.00714285714287
roberta-base,DY5-NS_LYR-10,torch.Size([3840]),1,12,0,83.95,87.44,94.63,68.77,88.03,92.8,66.2,83.11714285714285
roberta-base,CLS_LYR-11,torch.Size([768]),1,12,0,77.53,63.76,85.77,68.77,83.09,47.0,66.49,70.3442857142857
roberta-base,AVG_LYR-11,torch.Size([768]),1,12,0,82.52,84.42,93.55,86.17,89.51,87.8,66.49,84.35142857142857
roberta-base,SUM_LYR-11,torch.Size([768]),1,12,0,82.18,86.2,93.31,86.06,88.74,91.2,66.72,84.9157142857143
roberta-base,MAX_LYR-11,torch.Size([768]),1,12,0,77.65,70.12,92.04,84.8,85.34,82.0,66.49,79.77714285714286
roberta-base,AVG-NS_LYR-11,torch.Size([768]),1,12,0,82.65,85.27,93.75,86.11,89.68,86.6,63.71,83.96714285714287
roberta-base,SUM-NS_LYR-11,torch.Size([768]),1,12,0,82.07,86.68,93.5,85.86,89.4,92.8,62.78,84.72714285714285
roberta-base,MAX-NS_LYR-11,torch.Size([768]),1,12,0,77.8,70.86,92.44,84.91,85.01,82.4,66.49,79.98714285714286
roberta-base,CLS+AVG_LYR-11,torch.Size([1536]),1,12,0,82.58,80.66,93.87,86.4,89.95,83.2,73.62,84.32571428571428
roberta-base,CLS+SUM_LYR-11,torch.Size([1536]),1,12,0,82.13,85.85,93.72,86.09,89.46,92.4,65.91,85.08
roberta-base,CLS+MAX_LYR-11,torch.Size([1536]),1,12,0,78.88,71.81,92.42,85.04,86.38,82.0,72.0,81.21857142857142
roberta-base,CLS+AVG-NS_LYR-11,torch.Size([1536]),1,12,0,82.84,80.87,93.8,86.44,89.73,88.2,74.14,85.14571428571428
roberta-base,CLS+SUM-NS_LYR-11,torch.Size([1536]),1,12,0,81.93,85.48,93.87,85.8,89.84,92.2,67.25,85.1957142857143
roberta-base,CLS+MAX-NS_LYR-11,torch.Size([1536]),1,12,0,78.61,70.83,92.46,85.21,86.16,82.4,70.26,80.84714285714286
roberta-base,DY3_LYR-11,torch.Size([2304]),1,12,0,84.05,86.92,94.81,87.8,88.3,90.6,68.23,85.8157142857143
roberta-base,DY3-NS_LYR-11,torch.Size([2304]),1,12,0,83.83,86.33,94.87,87.31,87.64,90.8,68.81,85.65571428571427
roberta-base,DY5_LYR-11,torch.Size([3840]),1,12,0,83.9,86.57,95.21,86.95,87.75,89.2,68.93,85.50142857142858
roberta-base,DY5-NS_LYR-11,torch.Size([3840]),1,12,0,83.73,86.67,94.96,68.77,87.86,91.0,67.36,82.90714285714286
roberta-base,CLS_LYR-12,torch.Size([768]),1,12,0,77.47,63.76,91.5,68.77,84.62,50.2,66.49,71.83
roberta-base,AVG_LYR-12,torch.Size([768]),1,12,0,80.91,79.1,93.18,83.66,87.81,78.8,66.49,81.42142857142858
roberta-base,SUM_LYR-12,torch.Size([768]),1,12,0,82.51,85.46,94.7,84.73,89.46,91.0,66.49,84.90714285714286
roberta-base,MAX_LYR-12,torch.Size([768]),1,12,0,75.74,63.81,91.43,80.67,82.87,78.8,68.99,77.47285714285715
roberta-base,AVG-NS_LYR-12,torch.Size([768]),1,12,0,80.89,77.38,93.29,84.47,88.41,80.0,66.49,81.56142857142856
roberta-base,SUM-NS_LYR-12,torch.Size([768]),1,12,0,82.43,84.77,94.61,84.75,89.18,91.2,66.49,84.7757142857143
roberta-base,MAX-NS_LYR-12,torch.Size([768]),1,12,0,75.76,63.87,91.47,82.04,82.87,78.8,68.99,77.68571428571428
roberta-base,CLS+AVG_LYR-12,torch.Size([1536]),1,12,0,81.49,77.54,93.12,83.8,87.86,80.6,74.26,82.66714285714285
roberta-base,CLS+SUM_LYR-12,torch.Size([1536]),1,12,0,82.44,85.38,94.19,85.1,88.8,93.2,67.94,85.29285714285713
roberta-base,CLS+MAX_LYR-12,torch.Size([1536]),1,12,0,77.21,63.79,92.3,83.57,85.34,75.4,72.41,78.57428571428571
roberta-base,CLS+AVG-NS_LYR-12,torch.Size([1536]),1,12,0,81.33,76.95,93.06,84.58,87.7,80.6,74.32,82.64857142857143
roberta-base,CLS+SUM-NS_LYR-12,torch.Size([1536]),1,12,0,82.7,86.01,94.14,85.36,89.07,93.2,67.83,85.47285714285715
roberta-base,CLS+MAX-NS_LYR-12,torch.Size([1536]),1,12,0,77.8,63.79,92.3,83.66,84.51,75.6,72.46,78.58857142857143
roberta-base,DY3_LYR-12,torch.Size([2304]),1,12,0,82.35,81.72,93.99,85.52,87.04,87.2,69.04,83.83714285714287
roberta-base,DY3-NS_LYR-12,torch.Size([2304]),1,12,0,82.26,82.91,93.97,85.34,86.71,88.4,68.75,84.04857142857144
roberta-base,DY5_LYR-12,torch.Size([3840]),1,12,0,82.66,83.55,94.17,85.81,86.11,86.2,68.29,83.82714285714285
roberta-base,DY5-NS_LYR-12,torch.Size([3840]),1,12,0,82.95,83.74,94.26,68.77,87.15,91.0,70.03,82.55714285714285
roberta-base,CLS_SUML4L,torch.Size([768]),1,12,0,77.82,63.76,91.07,68.77,84.84,42.8,66.49,70.79285714285714
roberta-base,AVG_SUML4L,torch.Size([768]),1,12,0,84.21,88.19,94.1,87.14,90.06,93.2,62.61,85.64428571428572
roberta-base,SUM_SUML4L,torch.Size([768]),1,12,0,79.85,83.76,93.03,85.66,89.4,88.2,66.09,83.71285714285715
roberta-base,MAX_SUML4L,torch.Size([768]),1,12,0,78.51,70.38,92.15,85.33,86.38,87.4,66.49,80.94857142857143
roberta-base,AVG-NS_SUML4L,torch.Size([768]),1,12,0,84.27,88.05,94.15,87.06,90.12,92.0,66.49,86.02000000000001
roberta-base,SUM-NS_SUML4L,torch.Size([768]),1,12,0,79.94,85.83,93.02,85.61,89.35,91.0,66.49,84.46285714285715
roberta-base,MAX-NS_SUML4L,torch.Size([768]),1,12,0,78.57,71.89,92.07,85.55,86.33,87.8,66.49,81.24285714285713
roberta-base,CLS+AVG_SUML4L,torch.Size([1536]),1,12,0,83.88,86.81,94.05,87.09,89.79,92.2,69.74,86.22285714285715
roberta-base,CLS+SUM_SUML4L,torch.Size([1536]),1,12,0,80.74,86.04,92.95,86.2,89.02,90.6,65.28,84.4042857142857
roberta-base,CLS+MAX_SUML4L,torch.Size([1536]),1,12,0,79.7,76.58,92.99,86.42,86.49,88.0,65.62,82.25714285714285
roberta-base,CLS+AVG-NS_SUML4L,torch.Size([1536]),1,12,0,84.23,86.09,94.18,87.19,90.5,92.4,70.43,86.43142857142857
roberta-base,CLS+SUM-NS_SUML4L,torch.Size([1536]),1,12,0,80.8,84.69,92.96,86.07,89.29,90.4,66.49,84.38571428571429
roberta-base,CLS+MAX-NS_SUML4L,torch.Size([1536]),1,12,0,79.46,74.51,93.03,86.15,86.38,88.2,66.61,82.04857142857142
roberta-base,DY3_SUML4L,torch.Size([2304]),1,12,0,84.96,88.45,95.23,88.28,89.4,91.0,67.59,86.41571428571429
roberta-base,DY3-NS_SUML4L,torch.Size([2304]),1,12,0,84.66,88.61,95.55,87.35,89.29,91.0,66.49,86.13571428571429
roberta-base,DY5_SUML4L,torch.Size([3840]),1,12,0,84.86,88.16,95.53,87.41,88.58,90.8,65.04,85.7685714285714
roberta-base,DY5-NS_SUML4L,torch.Size([3840]),1,12,0,84.71,88.34,95.38,68.77,88.08,93.6,64.17,83.29285714285713
roberta-base,CLS_AVGL4L,torch.Size([768]),1,12,0,77.74,63.76,89.96,68.77,83.53,38.8,66.49,69.86428571428571
roberta-base,AVG_AVGL4L,torch.Size([768]),1,12,0,83.1,85.14,93.67,86.39,90.39,85.0,66.49,84.31142857142858
roberta-base,SUM_AVGL4L,torch.Size([768]),1,12,0,83.09,87.21,93.98,86.44,90.28,93.2,65.8,85.71428571428571
roberta-base,MAX_AVGL4L,torch.Size([768]),1,12,0,78.98,70.09,92.02,85.96,86.11,83.8,66.49,80.49285714285713
roberta-base,AVG-NS_AVGL4L,torch.Size([768]),1,12,0,83.26,85.7,93.44,86.69,90.33,90.2,66.49,85.15857142857143
roberta-base,SUM-NS_AVGL4L,torch.Size([768]),1,12,0,83.4,87.05,94.04,86.46,90.39,92.6,66.49,85.77571428571427
roberta-base,MAX-NS_AVGL4L,torch.Size([768]),1,12,0,79.17,70.09,92.25,85.69,85.83,83.8,66.49,80.4742857142857
roberta-base,CLS+AVG_AVGL4L,torch.Size([1536]),1,12,0,82.85,78.91,93.89,86.85,90.17,89.8,74.67,85.30571428571429
roberta-base,CLS+SUM_AVGL4L,torch.Size([1536]),1,12,0,83.86,86.91,93.31,86.91,90.23,92.0,66.32,85.64857142857143
roberta-base,CLS+MAX_AVGL4L,torch.Size([1536]),1,12,0,78.82,68.24,92.48,86.11,86.11,80.6,72.81,80.73857142857143
roberta-base,CLS+AVG-NS_AVGL4L,torch.Size([1536]),1,12,0,82.64,82.75,93.89,87.01,90.12,88.4,75.19,85.71428571428571
roberta-base,CLS+SUM-NS_AVGL4L,torch.Size([1536]),1,12,0,83.41,87.26,93.09,86.82,90.12,91.8,66.2,85.52857142857144
roberta-base,CLS+MAX-NS_AVGL4L,torch.Size([1536]),1,12,0,79.32,69.67,92.42,86.37,85.72,84.8,72.06,81.48
roberta-base,DY3_AVGL4L,torch.Size([2304]),1,12,0,83.94,87.05,94.56,88.02,89.13,88.4,68.64,85.67714285714285
roberta-base,DY3-NS_AVGL4L,torch.Size([2304]),1,12,0,83.75,86.07,94.61,87.15,89.4,90.2,67.59,85.53857142857144
roberta-base,DY5_AVGL4L,torch.Size([3840]),1,12,0,84.66,87.26,95.06,87.41,88.58,89.0,65.28,85.32142857142857
roberta-base,DY5-NS_AVGL4L,torch.Size([3840]),1,12,0,84.22,88.37,94.78,68.77,88.41,91.2,66.61,83.19428571428571
roberta-base,CLS_SUMALL,torch.Size([768]),1,12,0,75.53,63.76,88.77,68.77,85.17,39.0,66.49,69.64142857142858
roberta-base,AVG_SUMALL,torch.Size([768]),1,12,0,83.46,87.76,94.71,87.9,90.23,90.4,62.78,85.32000000000001
roberta-base,SUM_SUMALL,torch.Size([768]),1,12,0,78.2,83.34,92.81,85.46,89.35,88.0,62.43,82.79857142857142
roberta-base,MAX_SUMALL,torch.Size([768]),1,12,0,74.49,64.63,90.16,85.24,86.44,86.0,64.99,78.85
roberta-base,AVG-NS_SUMALL,torch.Size([768]),1,12,0,83.57,87.39,94.45,88.11,90.5,90.6,66.49,85.87285714285714
roberta-base,SUM-NS_SUMALL,torch.Size([768]),1,12,0,78.34,83.13,92.6,85.52,89.51,88.4,66.43,83.41857142857144
roberta-base,MAX-NS_SUMALL,torch.Size([768]),1,12,0,74.84,64.32,90.26,85.79,86.11,86.4,64.87,78.94142857142857
roberta-base,CLS+AVG_SUMALL,torch.Size([1536]),1,12,0,83.34,85.99,94.46,87.99,90.88,90.0,68.29,85.85
roberta-base,CLS+SUM_SUMALL,torch.Size([1536]),1,12,0,79.07,85.56,92.89,85.71,89.95,87.2,67.13,83.92999999999999
roberta-base,CLS+MAX_SUMALL,torch.Size([1536]),1,12,0,77.74,71.21,90.95,85.95,87.48,89.6,63.3,80.88999999999999
roberta-base,CLS+AVG-NS_SUMALL,torch.Size([1536]),1,12,0,83.19,86.65,94.51,87.65,90.23,89.8,67.65,85.66857142857143
roberta-base,CLS+SUM-NS_SUMALL,torch.Size([1536]),1,12,0,79.37,83.26,93.19,86.07,87.75,87.8,65.39,83.26142857142857
roberta-base,CLS+MAX-NS_SUMALL,torch.Size([1536]),1,12,0,78.02,69.25,91.3,86.11,87.1,88.2,66.49,80.9242857142857
roberta-base,DY3_SUMALL,torch.Size([2304]),1,12,0,83.85,87.76,95.05,89.07,89.57,91.0,66.49,86.11285714285714
roberta-base,DY3-NS_SUMALL,torch.Size([2304]),1,12,0,84.22,87.95,95.16,88.15,89.62,90.6,65.1,85.82857142857144
roberta-base,DY5_SUMALL,torch.Size([3840]),1,12,0,83.65,86.33,94.35,87.13,88.58,87.8,65.28,84.73142857142857
roberta-base,DY5-NS_SUMALL,torch.Size([3840]),1,12,0,83.32,86.49,94.97,68.77,87.37,88.8,65.33,82.14999999999999
roberta-base,CLS_AVGALL,torch.Size([768]),1,12,0,72.33,63.76,84.74,68.77,81.6,34.8,66.49,67.49857142857142
roberta-base,AVG_AVGALL,torch.Size([768]),1,12,0,82.68,84.53,93.4,87.76,89.51,91.0,66.49,85.05285714285715
roberta-base,SUM_AVGALL,torch.Size([768]),1,12,0,82.48,85.8,93.89,87.56,89.9,91.2,66.49,85.33142857142857
roberta-base,MAX_AVGALL,torch.Size([768]),1,12,0,77.84,66.39,91.55,85.98,86.99,76.8,65.28,78.69000000000001
roberta-base,AVG-NS_AVGALL,torch.Size([768]),1,12,0,82.74,83.76,93.37,87.84,89.51,91.0,66.49,84.95857142857143
roberta-base,SUM-NS_AVGALL,torch.Size([768]),1,12,0,82.19,85.77,93.8,87.74,89.9,92.0,66.38,85.39714285714285
roberta-base,MAX-NS_AVGALL,torch.Size([768]),1,12,0,77.89,69.59,91.55,86.16,86.55,76.8,65.39,79.13285714285715
roberta-base,CLS+AVG_AVGALL,torch.Size([1536]),1,12,0,82.72,77.93,93.56,87.64,89.79,88.2,71.83,84.52428571428572
roberta-base,CLS+SUM_AVGALL,torch.Size([1536]),1,12,0,82.91,85.03,93.74,87.56,89.79,90.4,67.77,85.31428571428572
roberta-base,CLS+MAX_AVGALL,torch.Size([1536]),1,12,0,78.31,63.87,91.44,86.15,85.45,78.2,72.12,79.36285714285714
roberta-base,CLS+AVG-NS_AVGALL,torch.Size([1536]),1,12,0,82.67,78.76,93.5,87.8,89.84,88.6,72.99,84.88000000000001
roberta-base,CLS+SUM-NS_AVGALL,torch.Size([1536]),1,12,0,83.38,85.22,93.89,87.53,89.79,91.4,67.59,85.54285714285716
roberta-base,CLS+MAX-NS_AVGALL,torch.Size([1536]),1,12,0,78.12,63.92,91.68,86.09,86.99,77.0,73.39,79.59857142857143
roberta-base,DY3_AVGALL,torch.Size([2304]),1,12,0,83.81,84.24,94.52,88.69,89.62,89.4,68.23,85.50142857142858
roberta-base,DY3-NS_AVGALL,torch.Size([2304]),1,12,0,83.34,85.69,94.13,88.51,89.02,89.4,67.48,85.36714285714285
roberta-base,DY5_AVGALL,torch.Size([3840]),1,12,0,83.87,86.07,94.49,88.34,88.58,88.6,65.74,85.09857142857142
roberta-base,DY5-NS_AVGALL,torch.Size([3840]),1,12,0,83.36,85.91,94.46,68.77,87.7,90.4,61.16,81.67999999999998
deberta-base,CLS_LYR-7,torch.Size([768]),1,12,0,53.06,63.76,55.8,68.77,49.92,18.8,66.49,53.8
deberta-base,AVG_LYR-7,torch.Size([768]),1,12,0,82.99,82.73,94.0,90.25,90.77,92.6,75.48,86.97428571428573
deberta-base,SUM_LYR-7,torch.Size([768]),1,12,0,83.2,87.52,94.46,90.08,90.99,94.8,68.93,87.14
deberta-base,MAX_LYR-7,torch.Size([768]),1,12,0,80.84,79.18,91.94,89.38,87.75,89.6,74.32,84.71571428571428
deberta-base,AVG-NS_LYR-7,torch.Size([768]),1,12,0,83.35,83.05,94.18,90.34,90.88,93.6,75.48,87.26857142857143
deberta-base,SUM-NS_LYR-7,torch.Size([768]),1,12,0,83.3,87.47,94.52,90.54,90.94,94.6,66.61,86.85428571428572
deberta-base,MAX-NS_LYR-7,torch.Size([768]),1,12,0,80.89,79.18,91.94,89.79,87.64,89.6,74.32,84.76571428571427
deberta-base,CLS+AVG_LYR-7,torch.Size([1536]),1,12,0,83.47,85.99,94.15,89.89,90.72,93.6,75.83,87.66428571428573
deberta-base,CLS+SUM_LYR-7,torch.Size([1536]),1,12,0,82.87,88.48,94.66,90.2,90.12,96.0,71.59,87.70285714285714
deberta-base,CLS+MAX_LYR-7,torch.Size([1536]),1,12,0,80.27,77.78,92.08,89.13,87.1,92.0,71.59,84.27857142857144
deberta-base,CLS+AVG-NS_LYR-7,torch.Size([1536]),1,12,0,83.42,86.62,94.09,90.44,90.94,94.0,76.06,87.93857142857142
deberta-base,CLS+SUM-NS_LYR-7,torch.Size([1536]),1,12,0,83.69,87.1,94.65,90.21,90.06,96.0,71.77,87.64
deberta-base,CLS+MAX-NS_LYR-7,torch.Size([1536]),1,12,0,80.44,77.78,92.08,89.19,87.1,92.0,71.59,84.31142857142858
deberta-base,DY3_LYR-7,torch.Size([2304]),1,12,0,84.49,87.95,94.68,90.31,89.4,89.4,68.46,86.38428571428572
deberta-base,DY3-NS_LYR-7,torch.Size([2304]),1,12,0,84.35,88.9,94.99,68.77,89.57,94.0,67.65,84.03285714285713
deberta-base,DY5_LYR-7,torch.Size([3840]),1,12,0,84.32,88.8,95.13,68.77,88.96,84.6,63.07,81.95
deberta-base,DY5-NS_LYR-7,torch.Size([3840]),1,12,0,83.79,89.38,95.59,68.77,50.08,94.2,70.03,78.8342857142857
deberta-base,CLS_LYR-8,torch.Size([768]),1,12,0,54.81,63.76,58.97,68.77,49.92,18.8,66.49,54.502857142857145
deberta-base,AVG_LYR-8,torch.Size([768]),1,12,0,85.02,87.5,94.66,89.66,91.54,93.6,75.94,88.2742857142857
deberta-base,SUM_LYR-8,torch.Size([768]),1,12,0,84.47,87.79,94.44,89.67,91.65,95.2,68.46,87.38285714285715
deberta-base,MAX_LYR-8,torch.Size([768]),1,12,0,82.35,79.68,92.74,89.03,89.07,89.8,72.06,84.96142857142857
deberta-base,AVG-NS_LYR-8,torch.Size([768]),1,12,0,85.08,87.42,94.62,90.21,91.43,94.0,76.12,88.41142857142857
deberta-base,SUM-NS_LYR-8,torch.Size([768]),1,12,0,84.2,88.37,94.45,89.74,91.6,95.2,68.12,87.38285714285715
deberta-base,MAX-NS_LYR-8,torch.Size([768]),1,12,0,82.36,79.71,92.74,89.45,89.02,89.2,72.06,84.9342857142857
deberta-base,CLS+AVG_LYR-8,torch.Size([1536]),1,12,0,85.28,86.81,94.65,89.6,91.65,93.8,75.48,88.18142857142857
deberta-base,CLS+SUM_LYR-8,torch.Size([1536]),1,12,0,85.65,89.4,95.01,89.56,91.6,96.0,70.55,88.25285714285714
deberta-base,CLS+MAX_LYR-8,torch.Size([1536]),1,12,0,82.62,77.94,92.24,88.42,88.8,92.4,72.46,84.98285714285716
deberta-base,CLS+AVG-NS_LYR-8,torch.Size([1536]),1,12,0,85.2,88.24,94.58,90.29,91.6,94.6,75.65,88.5942857142857
deberta-base,CLS+SUM-NS_LYR-8,torch.Size([1536]),1,12,0,85.23,89.19,94.99,89.61,91.65,96.0,70.32,88.14142857142858
deberta-base,CLS+MAX-NS_LYR-8,torch.Size([1536]),1,12,0,82.65,77.91,92.24,88.87,88.69,90.8,72.46,84.80285714285715
deberta-base,DY3_LYR-8,torch.Size([2304]),1,12,0,84.52,88.82,94.92,90.14,90.77,91.8,68.93,87.1285714285714
deberta-base,DY3-NS_LYR-8,torch.Size([2304]),1,12,0,85.88,88.9,94.92,68.77,91.16,93.8,66.67,84.29999999999998
deberta-base,DY5_LYR-8,torch.Size([3840]),1,12,0,86.0,89.93,95.15,68.77,90.5,87.2,63.42,82.99571428571429
deberta-base,DY5-NS_LYR-8,torch.Size([3840]),1,12,0,85.45,89.8,95.42,68.77,50.08,94.6,70.32,79.2057142857143
deberta-base,CLS_LYR-9,torch.Size([768]),1,12,0,78.06,63.76,87.83,68.77,80.34,18.8,66.49,66.29285714285714
deberta-base,AVG_LYR-9,torch.Size([768]),1,12,0,85.72,88.56,93.98,89.87,91.76,92.2,74.72,88.11571428571429
deberta-base,SUM_LYR-9,torch.Size([768]),1,12,0,85.67,88.85,94.66,89.25,91.38,96.0,66.32,87.44714285714284
deberta-base,MAX_LYR-9,torch.Size([768]),1,12,0,83.13,79.26,92.27,88.83,89.07,91.4,73.04,85.28571428571426
deberta-base,AVG-NS_LYR-9,torch.Size([768]),1,12,0,85.89,88.42,94.19,90.09,91.71,93.2,75.07,88.36714285714285
deberta-base,SUM-NS_LYR-9,torch.Size([768]),1,12,0,85.86,89.22,94.13,89.15,91.43,96.0,66.61,87.48571428571428
deberta-base,MAX-NS_LYR-9,torch.Size([768]),1,12,0,82.78,78.04,92.36,89.2,89.07,91.4,73.1,85.13571428571429
deberta-base,CLS+AVG_LYR-9,torch.Size([1536]),1,12,0,85.97,88.88,94.34,89.59,91.76,92.0,76.0,88.36285714285714
deberta-base,CLS+SUM_LYR-9,torch.Size([1536]),1,12,0,86.32,90.54,94.45,89.51,91.87,96.4,68.0,88.1557142857143
deberta-base,CLS+MAX_LYR-9,torch.Size([1536]),1,12,0,82.97,78.78,92.22,88.62,89.29,91.6,72.52,85.14285714285714
deberta-base,CLS+AVG-NS_LYR-9,torch.Size([1536]),1,12,0,85.98,89.22,94.45,90.2,91.82,93.4,74.55,88.51714285714284
deberta-base,CLS+SUM-NS_LYR-9,torch.Size([1536]),1,12,0,86.25,90.46,94.45,89.74,91.87,96.4,68.29,88.20857142857142
deberta-base,CLS+MAX-NS_LYR-9,torch.Size([1536]),1,12,0,82.96,78.81,92.22,88.99,89.24,91.6,72.75,85.2242857142857
deberta-base,DY3_LYR-9,torch.Size([2304]),1,12,0,86.99,89.8,95.12,89.66,91.43,91.2,68.12,87.4742857142857
deberta-base,DY3-NS_LYR-9,torch.Size([2304]),1,12,0,86.1,89.99,95.04,68.77,91.43,91.8,68.0,84.44714285714285
deberta-base,DY5_LYR-9,torch.Size([3840]),1,12,0,86.96,89.91,95.64,68.77,90.77,84.8,65.74,83.22714285714285
deberta-base,DY5-NS_LYR-9,torch.Size([3840]),1,12,0,86.79,90.81,95.83,68.77,50.08,94.2,69.39,79.41
deberta-base,CLS_LYR-10,torch.Size([768]),1,12,0,67.0,63.76,67.9,68.77,49.92,19.0,66.49,57.54857142857144
deberta-base,AVG_LYR-10,torch.Size([768]),1,12,0,86.81,89.09,94.15,89.02,92.42,90.0,74.84,88.04714285714286
deberta-base,SUM_LYR-10,torch.Size([768]),1,12,0,85.87,89.4,94.27,89.45,92.37,94.8,66.49,87.52142857142857
deberta-base,MAX_LYR-10,torch.Size([768]),1,12,0,83.91,81.86,92.24,89.1,90.33,87.0,71.3,85.10571428571428
deberta-base,AVG-NS_LYR-10,torch.Size([768]),1,12,0,86.8,89.11,94.42,89.77,92.42,90.2,75.13,88.26428571428572
deberta-base,SUM-NS_LYR-10,torch.Size([768]),1,12,0,85.75,89.14,94.35,89.63,92.31,94.8,67.83,87.68714285714286
deberta-base,MAX-NS_LYR-10,torch.Size([768]),1,12,0,83.9,82.28,92.25,89.15,90.44,87.0,71.3,85.18857142857142
deberta-base,CLS+AVG_LYR-10,torch.Size([1536]),1,12,0,86.81,89.93,94.4,89.16,92.37,90.8,74.96,88.34714285714286
deberta-base,CLS+SUM_LYR-10,torch.Size([1536]),1,12,0,86.85,90.07,94.56,89.45,92.15,96.4,67.65,88.16142857142857
deberta-base,CLS+MAX_LYR-10,torch.Size([1536]),1,12,0,84.14,81.51,92.24,88.64,90.17,88.0,72.46,85.30857142857144
deberta-base,CLS+AVG-NS_LYR-10,torch.Size([1536]),1,12,0,86.61,89.88,94.44,89.97,92.2,92.4,75.3,88.68571428571428
deberta-base,CLS+SUM-NS_LYR-10,torch.Size([1536]),1,12,0,86.02,90.2,94.95,89.75,92.15,96.4,72.12,88.79857142857144
deberta-base,CLS+MAX-NS_LYR-10,torch.Size([1536]),1,12,0,84.15,83.18,92.24,89.16,90.12,88.0,72.46,85.61571428571429
deberta-base,DY3_LYR-10,torch.Size([2304]),1,12,0,87.27,90.6,95.27,89.62,91.54,87.4,68.23,87.13285714285715
deberta-base,DY3-NS_LYR-10,torch.Size([2304]),1,12,0,86.74,90.68,95.09,68.77,91.65,91.6,68.0,84.64714285714285
deberta-base,DY5_LYR-10,torch.Size([3840]),1,12,0,87.49,91.07,96.01,68.77,91.54,85.6,68.06,84.07714285714285
deberta-base,DY5-NS_LYR-10,torch.Size([3840]),1,12,0,87.33,91.13,95.89,68.77,50.08,94.4,69.22,79.54571428571428
deberta-base,CLS_LYR-11,torch.Size([768]),1,12,0,77.63,63.76,85.94,72.41,84.29,35.6,66.2,69.40428571428572
deberta-base,AVG_LYR-11,torch.Size([768]),1,12,0,86.32,88.24,94.35,88.5,92.59,90.0,72.75,87.53571428571429
deberta-base,SUM_LYR-11,torch.Size([768]),1,12,0,86.26,88.05,94.34,89.27,92.04,94.0,69.91,87.69571428571429
deberta-base,MAX_LYR-11,torch.Size([768]),1,12,0,81.21,68.51,91.51,87.67,89.9,83.0,71.88,81.95428571428572
deberta-base,AVG-NS_LYR-11,torch.Size([768]),1,12,0,85.39,87.26,94.09,88.99,92.31,86.4,72.87,86.75857142857144
deberta-base,SUM-NS_LYR-11,torch.Size([768]),1,12,0,86.57,88.34,94.56,89.51,92.04,94.2,70.03,87.89285714285714
deberta-base,MAX-NS_LYR-11,torch.Size([768]),1,12,0,81.07,66.28,91.42,88.42,90.12,83.4,71.83,81.79142857142858
deberta-base,CLS+AVG_LYR-11,torch.Size([1536]),1,12,0,85.97,88.21,94.25,88.83,92.53,88.0,74.2,87.42714285714285
deberta-base,CLS+SUM_LYR-11,torch.Size([1536]),1,12,0,87.31,90.09,94.91,88.71,92.26,93.8,67.71,87.82714285714285
deberta-base,CLS+MAX_LYR-11,torch.Size([1536]),1,12,0,81.97,70.83,91.27,87.62,90.72,84.4,71.71,82.64571428571428
deberta-base,CLS+AVG-NS_LYR-11,torch.Size([1536]),1,12,0,85.9,88.08,94.36,89.44,92.15,90.2,72.58,87.53000000000002
deberta-base,CLS+SUM-NS_LYR-11,torch.Size([1536]),1,12,0,86.99,90.28,94.96,89.03,92.04,94.8,69.97,88.2957142857143
deberta-base,CLS+MAX-NS_LYR-11,torch.Size([1536]),1,12,0,82.22,70.76,91.77,88.17,90.61,84.4,71.71,82.8057142857143
deberta-base,DY3_LYR-11,torch.Size([2304]),1,12,0,86.61,88.24,94.98,89.63,91.98,85.0,69.39,86.54714285714286
deberta-base,DY3-NS_LYR-11,torch.Size([2304]),1,12,0,86.63,88.9,94.94,68.77,91.93,88.4,67.42,83.85571428571428
deberta-base,DY5_LYR-11,torch.Size([3840]),1,12,0,87.62,90.62,95.31,68.77,91.76,87.4,67.83,84.18714285714286
deberta-base,DY5-NS_LYR-11,torch.Size([3840]),1,12,0,87.1,89.62,95.36,68.77,50.08,93.6,68.99,79.07428571428571
deberta-base,CLS_LYR-12,torch.Size([768]),1,12,0,71.47,63.76,82.5,72.81,81.22,47.0,66.49,69.32142857142857
deberta-base,AVG_LYR-12,torch.Size([768]),1,12,0,84.17,83.05,93.03,84.97,91.05,83.0,70.03,84.18571428571428
deberta-base,SUM_LYR-12,torch.Size([768]),1,12,0,83.74,82.7,93.04,86.19,90.83,89.8,68.46,84.96571428571428
deberta-base,MAX_LYR-12,torch.Size([768]),1,12,0,75.31,63.18,87.34,82.09,86.22,77.6,66.2,76.84857142857143
deberta-base,AVG-NS_LYR-12,torch.Size([768]),1,12,0,84.4,82.83,92.95,86.26,91.1,82.8,70.09,84.34714285714286
deberta-base,SUM-NS_LYR-12,torch.Size([768]),1,12,0,83.3,83.13,93.5,86.56,91.1,89.8,67.77,85.02285714285713
deberta-base,MAX-NS_LYR-12,torch.Size([768]),1,12,0,75.51,63.26,87.28,83.05,86.77,77.6,66.2,77.0957142857143
deberta-base,CLS+AVG_LYR-12,torch.Size([1536]),1,12,0,84.01,83.42,92.85,85.04,91.65,83.2,69.74,84.27285714285715
deberta-base,CLS+SUM_LYR-12,torch.Size([1536]),1,12,0,82.56,84.82,93.94,86.45,90.66,90.4,66.03,84.97999999999999
deberta-base,CLS+MAX_LYR-12,torch.Size([1536]),1,12,0,77.75,63.87,88.42,80.87,88.3,79.4,66.72,77.90428571428572
deberta-base,CLS+AVG-NS_LYR-12,torch.Size([1536]),1,12,0,83.69,84.11,92.92,86.95,91.71,81.6,69.68,84.38000000000001
deberta-base,CLS+SUM-NS_LYR-12,torch.Size([1536]),1,12,0,83.1,85.09,94.05,86.88,90.88,90.8,64.46,85.03714285714285
deberta-base,CLS+MAX-NS_LYR-12,torch.Size([1536]),1,12,0,77.8,63.92,88.35,82.36,88.3,79.2,66.67,78.08571428571429
deberta-base,DY3_LYR-12,torch.Size([2304]),1,12,0,84.52,84.69,94.03,86.39,89.68,85.0,62.61,83.84571428571428
deberta-base,DY3-NS_LYR-12,torch.Size([2304]),1,12,0,84.27,86.86,93.67,68.77,89.4,85.6,66.49,82.15142857142858
deberta-base,DY5_LYR-12,torch.Size([3840]),1,12,0,84.97,86.75,94.06,68.77,89.68,67.0,65.04,79.46714285714286
deberta-base,DY5-NS_LYR-12,torch.Size([3840]),1,12,0,85.71,85.61,94.2,68.77,50.08,89.0,60.64,76.28714285714285
deberta-base,CLS_SUML4L,torch.Size([768]),1,12,0,76.91,63.76,83.52,74.39,86.27,39.0,66.2,70.00714285714285
deberta-base,AVG_SUML4L,torch.Size([768]),1,12,0,87.03,88.9,95.07,89.76,91.6,92.2,72.99,88.22142857142858
deberta-base,SUM_SUML4L,torch.Size([768]),1,12,0,83.31,86.2,93.46,89.16,90.72,92.6,66.38,85.97571428571429
deberta-base,MAX_SUML4L,torch.Size([768]),1,12,0,81.5,63.55,91.61,88.5,90.33,90.2,66.72,81.77285714285713
deberta-base,AVG-NS_SUML4L,torch.Size([768]),1,12,0,86.74,88.93,94.95,90.26,91.65,93.2,73.1,88.40428571428572
deberta-base,SUM-NS_SUML4L,torch.Size([768]),1,12,0,83.28,87.05,93.14,88.62,90.77,93.8,66.43,86.15571428571427
deberta-base,MAX-NS_SUML4L,torch.Size([768]),1,12,0,81.51,64.56,91.45,88.8,90.23,91.2,66.61,82.05142857142857
deberta-base,CLS+AVG_SUML4L,torch.Size([1536]),1,12,0,86.89,89.8,94.8,89.85,92.86,93.6,74.2,88.85714285714288
deberta-base,CLS+SUM_SUML4L,torch.Size([1536]),1,12,0,84.66,88.58,94.29,88.75,91.76,90.8,64.35,86.17
deberta-base,CLS+MAX_SUML4L,torch.Size([1536]),1,12,0,83.17,79.71,92.63,88.15,90.44,90.4,69.86,84.90857142857143
deberta-base,CLS+AVG-NS_SUML4L,torch.Size([1536]),1,12,0,86.95,89.3,94.74,90.35,92.92,94.4,73.8,88.92285714285715
deberta-base,CLS+SUM-NS_SUML4L,torch.Size([1536]),1,12,0,84.44,88.4,93.97,88.98,91.76,92.6,66.2,86.62142857142858
deberta-base,CLS+MAX-NS_SUML4L,torch.Size([1536]),1,12,0,82.73,79.9,92.62,88.09,90.28,91.0,68.12,84.67714285714285
deberta-base,DY3_SUML4L,torch.Size([2304]),1,12,0,87.76,90.46,95.48,90.51,92.26,88.8,70.03,87.89999999999999
deberta-base,DY3-NS_SUML4L,torch.Size([2304]),1,12,0,87.58,89.99,95.34,68.77,91.38,93.2,69.16,85.05999999999999
deberta-base,DY5_SUML4L,torch.Size([3840]),1,12,0,87.34,90.12,95.84,68.77,90.77,80.4,69.33,83.22428571428573
deberta-base,DY5-NS_SUML4L,torch.Size([3840]),1,12,0,87.2,89.64,95.68,68.77,50.08,94.8,66.78,78.99285714285713
deberta-base,CLS_AVGL4L,torch.Size([768]),1,12,0,71.27,63.76,77.91,69.98,82.37,39.6,66.49,67.34
deberta-base,AVG_AVGL4L,torch.Size([768]),1,12,0,85.75,87.15,94.2,88.96,92.31,90.6,73.04,87.42999999999999
deberta-base,SUM_AVGL4L,torch.Size([768]),1,12,0,86.1,88.77,94.1,89.14,92.09,94.8,66.26,87.32285714285715
deberta-base,MAX_AVGL4L,torch.Size([768]),1,12,0,82.24,64.32,91.64,88.12,89.46,84.8,70.38,81.5657142857143
deberta-base,AVG-NS_AVGL4L,torch.Size([768]),1,12,0,85.77,86.97,94.32,89.88,92.37,91.0,71.71,87.43142857142857
deberta-base,SUM-NS_AVGL4L,torch.Size([768]),1,12,0,86.44,88.32,94.69,89.56,92.04,94.8,66.26,87.44428571428571
deberta-base,MAX-NS_AVGL4L,torch.Size([768]),1,12,0,82.35,64.34,91.67,88.48,89.24,81.6,70.55,81.17571428571429
deberta-base,CLS+AVG_AVGL4L,torch.Size([1536]),1,12,0,85.62,88.18,93.88,89.12,92.42,90.8,74.32,87.76285714285713
deberta-base,CLS+SUM_AVGL4L,torch.Size([1536]),1,12,0,86.59,90.01,95.48,89.44,91.71,94.8,71.07,88.44285714285714
deberta-base,CLS+MAX_AVGL4L,torch.Size([1536]),1,12,0,83.05,72.42,92.09,87.51,89.13,89.0,71.88,83.58285714285715
deberta-base,CLS+AVG-NS_AVGL4L,torch.Size([1536]),1,12,0,85.63,88.16,93.99,89.75,92.31,92.2,74.96,88.14285714285714
deberta-base,CLS+SUM-NS_AVGL4L,torch.Size([1536]),1,12,0,86.56,89.83,95.17,89.52,91.71,94.6,71.59,88.42571428571429
deberta-base,CLS+MAX-NS_AVGL4L,torch.Size([1536]),1,12,0,83.49,72.42,91.6,87.97,89.07,89.0,71.88,83.63285714285713
deberta-base,DY3_AVGL4L,torch.Size([2304]),1,12,0,86.8,87.52,94.88,89.54,92.09,88.8,68.75,86.91142857142857
deberta-base,DY3-NS_AVGL4L,torch.Size([2304]),1,12,0,86.56,88.79,95.08,68.77,91.54,91.2,67.25,84.17
deberta-base,DY5_AVGL4L,torch.Size([3840]),1,12,0,87.28,89.11,95.42,68.77,91.05,85.8,62.78,82.88714285714285
deberta-base,DY5-NS_AVGL4L,torch.Size([3840]),1,12,0,87.23,89.64,95.48,68.77,50.08,93.2,69.45,79.12142857142858
deberta-base,CLS_SUMALL,torch.Size([768]),1,12,0,73.23,63.76,75.32,73.01,86.55,44.4,66.49,68.96571428571428
deberta-base,AVG_SUMALL,torch.Size([768]),1,12,0,85.89,87.44,95.38,90.9,91.49,93.2,70.32,87.80285714285716
deberta-base,SUM_SUMALL,torch.Size([768]),1,12,0,81.19,85.06,93.38,88.38,90.44,91.0,63.77,84.74571428571429
deberta-base,MAX_SUMALL,torch.Size([768]),1,12,0,78.07,64.48,91.34,89.08,87.42,91.4,65.8,81.08428571428571
deberta-base,AVG-NS_SUMALL,torch.Size([768]),1,12,0,85.51,87.26,95.26,90.42,91.76,94.4,70.03,87.80571428571429
deberta-base,SUM-NS_SUMALL,torch.Size([768]),1,12,0,81.29,85.19,93.33,87.94,90.33,90.0,66.49,84.93857142857142
deberta-base,MAX-NS_SUMALL,torch.Size([768]),1,12,0,78.42,64.37,91.34,89.09,87.37,91.2,65.8,81.08428571428571
deberta-base,CLS+AVG_SUMALL,torch.Size([1536]),1,12,0,86.05,88.34,95.61,89.94,91.6,95.4,68.75,87.95571428571428
deberta-base,CLS+SUM_SUMALL,torch.Size([1536]),1,12,0,81.63,85.22,93.94,88.09,89.68,92.2,67.13,85.41285714285713
deberta-base,CLS+MAX_SUMALL,torch.Size([1536]),1,12,0,78.96,66.36,91.37,89.26,87.53,92.4,64.58,81.49428571428572
deberta-base,CLS+AVG-NS_SUMALL,torch.Size([1536]),1,12,0,85.83,88.79,95.54,90.58,91.6,95.6,68.29,88.03285714285714
deberta-base,CLS+SUM-NS_SUMALL,torch.Size([1536]),1,12,0,82.24,85.25,93.87,88.62,89.57,92.4,67.3,85.60714285714286
deberta-base,CLS+MAX-NS_SUMALL,torch.Size([1536]),1,12,0,78.4,66.36,91.45,89.4,88.03,92.6,64.58,81.5457142857143
deberta-base,DY3_SUMALL,torch.Size([2304]),1,12,0,85.74,88.77,95.44,89.66,89.84,80.0,64.99,84.92
deberta-base,DY3-NS_SUMALL,torch.Size([2304]),1,12,0,85.67,88.61,95.23,68.77,89.73,92.8,68.29,84.15714285714284
deberta-base,DY5_SUMALL,torch.Size([3840]),1,12,0,85.36,87.95,95.44,68.77,89.07,78.0,63.71,81.18571428571428
deberta-base,DY5-NS_SUMALL,torch.Size([3840]),1,12,0,84.43,87.42,95.01,68.77,50.08,92.0,68.17,77.98285714285714
deberta-base,CLS_AVGALL,torch.Size([768]),1,12,0,66.97,63.76,73.42,68.77,78.97,41.6,66.49,65.71142857142857
deberta-base,AVG_AVGALL,torch.Size([768]),1,12,0,83.88,83.87,93.5,90.44,90.88,92.2,73.91,86.9542857142857
deberta-base,SUM_AVGALL,torch.Size([768]),1,12,0,84.78,87.13,94.79,90.58,91.49,94.8,67.25,87.25999999999999
deberta-base,MAX_AVGALL,torch.Size([768]),1,12,0,79.63,67.23,91.44,89.01,87.75,82.8,72.7,81.50857142857144
deberta-base,AVG-NS_AVGALL,torch.Size([768]),1,12,0,84.22,84.32,93.42,90.74,90.99,91.6,75.13,87.20285714285714
deberta-base,SUM-NS_AVGALL,torch.Size([768]),1,12,0,85.09,86.86,94.94,90.82,91.54,94.6,68.41,87.46571428571428
deberta-base,MAX-NS_AVGALL,torch.Size([768]),1,12,0,79.61,67.26,91.27,89.66,87.81,82.8,72.7,81.58714285714287
deberta-base,CLS+AVG_AVGALL,torch.Size([1536]),1,12,0,84.21,84.77,93.65,89.77,90.99,91.2,75.01,87.08571428571429
deberta-base,CLS+SUM_AVGALL,torch.Size([1536]),1,12,0,85.77,87.89,95.68,89.99,90.72,95.6,68.99,87.8057142857143
deberta-base,CLS+MAX_AVGALL,torch.Size([1536]),1,12,0,79.44,70.81,91.63,88.98,88.08,88.2,73.1,82.89142857142858
deberta-base,CLS+AVG-NS_AVGALL,torch.Size([1536]),1,12,0,84.36,84.21,93.68,90.09,91.05,91.6,74.96,87.13571428571429
deberta-base,CLS+SUM-NS_AVGALL,torch.Size([1536]),1,12,0,85.5,86.7,95.69,90.61,90.88,95.6,72.46,88.2057142857143
deberta-base,CLS+MAX-NS_AVGALL,torch.Size([1536]),1,12,0,79.4,70.83,91.63,89.75,88.08,88.2,73.86,83.10714285714286
deberta-base,DY3_AVGALL,torch.Size([2304]),1,12,0,84.34,87.34,94.12,89.97,89.68,83.0,67.71,85.1657142857143
deberta-base,DY3-NS_AVGALL,torch.Size([2304]),1,12,0,83.89,86.78,93.88,68.77,90.33,91.0,66.96,83.08714285714287
deberta-base,DY5_AVGALL,torch.Size([3840]),1,12,0,84.53,87.1,95.2,68.77,90.28,87.6,65.45,82.70428571428572
deberta-base,DY5-NS_AVGALL,torch.Size([3840]),1,12,0,84.78,87.76,95.06,68.77,50.08,93.4,68.99,78.4057142857143
