,Modelo,Pooling,out_emb_size,epochs,qtd_layers,nhid,MR,CR,SUBJ,MPQA,SST2,SST5,TREC,MRPC,Avg_with_SST5,Avg_without_SST5
0,bert-base,CLS_LYR-7,torch.Size([768]),1,12,0,76.24,76.64,93.64,86.91,82.45,42.87,77.24,71.3,75.91124999999998,80.63142857142857
1,bert-base,AVG_LYR-7,torch.Size([768]),1,12,0,78.54,82.33,94.46,88.92,84.17,45.69,83.71,73.31,78.89125000000001,83.63428571428572
2,bert-base,SUM_LYR-7,torch.Size([768]),1,12,0,76.42,81.07,93.43,87.85,83.72,42.51,85.53,67.47,77.25,82.21285714285715
3,bert-base,MAX_LYR-7,torch.Size([768]),1,12,0,73.52,72.88,91.78,87.18,80.96,41.69,79.71,72.28,75.0,79.75857142857141
4,bert-base,AVG-NS_LYR-7,torch.Size([768]),1,12,0,78.57,82.52,94.42,89.15,83.72,45.32,84.24,73.26,78.89999999999999,83.69714285714285
5,bert-base,SUM-NS_LYR-7,torch.Size([768]),1,12,0,76.24,81.06,93.38,88.03,83.14,42.42,85.4,66.81,77.06,82.00857142857141
6,bert-base,MAX-NS_LYR-7,torch.Size([768]),1,12,0,73.49,72.89,91.84,87.79,79.82,41.6,80.14,72.47,75.00500000000001,79.77714285714285
7,bert-base,CLS+AVG_LYR-7,torch.Size([1536]),1,12,0,79.49,80.91,94.85,89.05,84.17,46.05,85.47,73.65,79.205,83.94142857142856
8,bert-base,CLS+SUM_LYR-7,torch.Size([1536]),1,12,0,77.69,80.85,93.65,88.54,83.83,41.6,86.3,68.3,77.595,82.73714285714286
9,bert-base,CLS+MAX_LYR-7,torch.Size([1536]),1,12,0,77.16,77.77,93.97,88.26,84.4,43.87,83.44,73.06,77.74125000000001,82.58000000000001
10,bert-base,CLS+AVG-NS_LYR-7,torch.Size([1536]),1,12,0,79.51,81.18,94.83,89.29,84.4,46.14,85.75,73.48,79.3225,84.06285714285715
11,bert-base,CLS+SUM-NS_LYR-7,torch.Size([1536]),1,12,0,77.66,80.87,93.5,88.71,84.4,42.51,86.13,69.46,77.905,82.96142857142857
12,bert-base,CLS+MAX-NS_LYR-7,torch.Size([1536]),1,12,0,77.14,77.97,93.97,88.63,84.17,43.6,83.69,72.55,77.715,82.58857142857143
13,bert-base,DY3_LYR-7,torch.Size([2304]),1,12,0,79.46,83.05,94.83,89.32,80.85,46.5,87.45,70.68,79.01750000000001,83.66285714285716
14,bert-base,DY3-NS_LYR-7,torch.Size([2304]),1,12,0,79.29,82.74,94.85,89.05,81.42,45.41,87.4,70.85,78.87625,83.65714285714286
15,bert-base,DY5_LYR-7,torch.Size([3840]),1,12,0,79.27,82.68,95.04,88.77,80.85,42.69,88.52,71.32,78.64250000000001,83.77857142857144
16,bert-base,DY5-NS_LYR-7,torch.Size([3840]),1,12,0,78.9,82.99,94.92,68.77,49.08,45.23,88.85,71.27,72.50125,76.39714285714285
17,bert-base,CLS_LYR-8,torch.Size([768]),1,12,0,77.46,75.07,93.49,87.48,84.29,42.05,77.18,70.12,75.8925,80.72714285714287
18,bert-base,AVG_LYR-8,torch.Size([768]),1,12,0,80.17,84.41,94.46,89.05,84.75,46.41,84.72,73.99,79.745,84.50714285714285
19,bert-base,SUM_LYR-8,torch.Size([768]),1,12,0,77.46,82.71,93.86,87.9,84.4,41.69,85.16,66.68,77.48249999999999,82.59571428571427
20,bert-base,MAX_LYR-8,torch.Size([768]),1,12,0,75.38,73.12,92.33,86.94,81.08,43.23,80.41,72.82,75.66375,80.29714285714284
21,bert-base,AVG-NS_LYR-8,torch.Size([768]),1,12,0,80.16,84.59,94.49,89.09,84.98,46.23,85.0,74.09,79.82875000000001,84.62857142857145
22,bert-base,SUM-NS_LYR-8,torch.Size([768]),1,12,0,77.53,82.83,93.72,87.61,84.4,43.05,85.53,66.27,77.6175,82.55571428571429
23,bert-base,MAX-NS_LYR-8,torch.Size([768]),1,12,0,75.55,74.73,92.38,87.44,81.88,42.42,80.78,72.35,75.94125000000001,80.73
24,bert-base,CLS+AVG_LYR-8,torch.Size([1536]),1,12,0,80.7,83.29,94.82,89.3,85.55,44.6,85.6,74.48,79.7925,84.82000000000001
25,bert-base,CLS+SUM_LYR-8,torch.Size([1536]),1,12,0,78.42,83.53,93.96,88.65,84.75,42.33,86.33,68.94,78.36374999999998,83.51142857142857
26,bert-base,CLS+MAX_LYR-8,torch.Size([1536]),1,12,0,78.35,79.73,93.86,88.4,84.29,44.05,83.9,74.41,78.37375,83.27714285714286
27,bert-base,CLS+AVG-NS_LYR-8,torch.Size([1536]),1,12,0,80.7,83.45,94.85,89.5,85.67,44.78,85.49,74.61,79.88125000000001,84.89571428571428
28,bert-base,CLS+SUM-NS_LYR-8,torch.Size([1536]),1,12,0,78.23,83.56,94.01,88.78,84.75,43.69,85.89,68.99,78.48750000000001,83.45857142857143
29,bert-base,CLS+MAX-NS_LYR-8,torch.Size([1536]),1,12,0,78.42,79.75,93.93,88.8,84.63,44.96,84.65,74.48,78.7025,83.52285714285715
30,bert-base,DY3_LYR-8,torch.Size([2304]),1,12,0,80.78,85.34,94.85,89.52,82.45,46.41,88.19,71.17,79.83874999999999,84.61428571428571
31,bert-base,DY3-NS_LYR-8,torch.Size([2304]),1,12,0,80.65,85.5,94.86,89.27,82.8,45.78,87.89,71.32,79.75874999999999,84.61285714285714
32,bert-base,DY5_LYR-8,torch.Size([3840]),1,12,0,80.67,85.31,95.05,89.09,82.8,44.23,89.47,71.88,79.8125,84.89571428571428
33,bert-base,DY5-NS_LYR-8,torch.Size([3840]),1,12,0,80.38,85.44,94.92,68.77,49.08,46.05,89.14,71.64,73.1775,77.05285714285715
34,bert-base,CLS_LYR-9,torch.Size([768]),1,12,0,80.43,82.09,94.15,87.57,84.17,43.87,81.27,71.32,78.10875000000001,83.0
35,bert-base,AVG_LYR-9,torch.Size([768]),1,12,0,81.44,86.92,94.81,88.7,87.27,46.78,85.09,74.31,80.66499999999999,85.50571428571428
36,bert-base,SUM_LYR-9,torch.Size([768]),1,12,0,79.75,85.46,93.99,87.75,86.24,45.41,86.11,66.81,78.94,83.72999999999999
37,bert-base,MAX_LYR-9,torch.Size([768]),1,12,0,78.02,78.46,92.97,87.06,84.63,46.41,80.76,73.36,77.70875,82.17999999999999
38,bert-base,AVG-NS_LYR-9,torch.Size([768]),1,12,0,81.44,87.1,94.83,88.83,86.93,46.59,85.36,74.17,80.65625,85.52285714285713
39,bert-base,SUM-NS_LYR-9,torch.Size([768]),1,12,0,79.65,85.29,94.02,87.19,86.47,44.69,85.91,66.68,78.73750000000001,83.60142857142857
40,bert-base,MAX-NS_LYR-9,torch.Size([768]),1,12,0,78.26,79.03,92.93,87.1,84.98,45.32,81.99,73.14,77.84375,82.49000000000001
41,bert-base,CLS+AVG_LYR-9,torch.Size([1536]),1,12,0,82.34,86.23,95.21,88.99,87.27,47.23,87.07,75.54,81.23499999999999,86.09285714285713
42,bert-base,CLS+SUM_LYR-9,torch.Size([1536]),1,12,0,80.03,85.5,94.5,88.41,86.47,45.23,87.33,69.43,79.61250000000001,84.52428571428572
43,bert-base,CLS+MAX_LYR-9,torch.Size([1536]),1,12,0,80.97,83.87,94.58,88.6,85.89,46.32,86.19,74.17,80.07374999999999,84.89571428571426
44,bert-base,CLS+AVG-NS_LYR-9,torch.Size([1536]),1,12,0,82.33,86.2,95.23,89.24,87.39,47.23,87.03,75.44,81.26124999999999,86.12285714285713
45,bert-base,CLS+SUM-NS_LYR-9,torch.Size([1536]),1,12,0,80.07,85.45,94.51,88.49,86.58,44.5,87.11,69.55,79.53249999999998,84.53714285714284
46,bert-base,CLS+MAX-NS_LYR-9,torch.Size([1536]),1,12,0,81.02,83.92,94.56,88.8,86.12,45.96,86.23,73.99,80.075,84.94857142857143
47,bert-base,DY3_LYR-9,torch.Size([2304]),1,12,0,82.12,86.93,95.2,89.2,84.52,47.5,88.37,71.49,80.66624999999999,85.4042857142857
48,bert-base,DY3-NS_LYR-9,torch.Size([2304]),1,12,0,81.91,87.23,95.16,89.16,85.09,46.87,88.19,71.3,80.61374999999998,85.4342857142857
49,bert-base,DY5_LYR-9,torch.Size([3840]),1,12,0,82.07,87.32,95.36,89.04,85.32,46.23,89.56,71.91,80.85125000000001,85.79714285714286
50,bert-base,DY5-NS_LYR-9,torch.Size([3840]),1,12,0,81.92,87.1,95.28,68.77,49.08,46.78,89.87,71.61,73.80125,77.66142857142856
51,bert-base,CLS_LYR-10,torch.Size([768]),1,12,0,81.75,85.26,94.66,87.59,86.58,45.41,80.67,71.71,79.20375,84.03142857142858
52,bert-base,AVG_LYR-10,torch.Size([768]),1,12,0,81.77,87.18,95.0,88.29,86.81,47.23,84.12,74.26,80.58250000000001,85.34714285714287
53,bert-base,SUM_LYR-10,torch.Size([768]),1,12,0,78.91,85.14,94.1,87.55,86.01,40.87,85.33,66.58,78.06125,83.37428571428572
54,bert-base,MAX_LYR-10,torch.Size([768]),1,12,0,79.37,80.45,93.55,87.54,86.01,45.14,81.0,72.72,78.2225,82.94857142857143
55,bert-base,AVG-NS_LYR-10,torch.Size([768]),1,12,0,81.7,87.22,94.99,88.16,86.81,47.41,84.1,73.87,80.53250000000001,85.26428571428572
56,bert-base,SUM-NS_LYR-10,torch.Size([768]),1,12,0,78.66,84.97,94.06,86.7,85.21,41.69,85.23,66.81,77.91624999999999,83.09142857142855
57,bert-base,MAX-NS_LYR-10,torch.Size([768]),1,12,0,79.34,80.87,93.6,87.19,85.55,45.41,81.77,72.64,78.29625,82.99428571428572
58,bert-base,CLS+AVG_LYR-10,torch.Size([1536]),1,12,0,82.79,87.32,95.24,88.86,87.61,47.05,86.11,74.39,81.17125,86.0457142857143
59,bert-base,CLS+SUM_LYR-10,torch.Size([1536]),1,12,0,79.89,85.58,94.41,88.29,87.16,44.23,86.04,69.28,79.36,84.37857142857142
60,bert-base,CLS+MAX_LYR-10,torch.Size([1536]),1,12,0,82.39,85.39,95.07,88.47,86.81,45.69,85.29,74.66,80.47125,85.44000000000001
61,bert-base,CLS+AVG-NS_LYR-10,torch.Size([1536]),1,12,0,82.81,87.36,95.24,89.06,87.96,46.87,86.11,74.48,81.23625,86.14571428571428
62,bert-base,CLS+SUM-NS_LYR-10,torch.Size([1536]),1,12,0,79.99,85.5,94.36,88.33,87.39,44.41,86.87,69.58,79.55375000000001,84.57428571428572
63,bert-base,CLS+MAX-NS_LYR-10,torch.Size([1536]),1,12,0,82.36,85.66,95.09,88.67,86.93,45.87,85.64,74.41,80.57875,85.53714285714285
64,bert-base,DY3_LYR-10,torch.Size([2304]),1,12,0,82.1,87.48,95.23,89.1,84.75,48.05,87.97,71.79,80.80874999999999,85.48857142857142
65,bert-base,DY3-NS_LYR-10,torch.Size([2304]),1,12,0,81.91,87.5,95.25,88.82,84.98,47.68,88.0,71.54,80.71,85.42857142857143
66,bert-base,DY5_LYR-10,torch.Size([3840]),1,12,0,82.21,88.07,95.36,88.91,85.89,47.32,89.8,71.93,81.18625,86.0242857142857
67,bert-base,DY5-NS_LYR-10,torch.Size([3840]),1,12,0,81.99,87.74,95.37,68.77,49.08,47.68,89.58,71.86,74.00875,77.77
68,bert-base,CLS_LYR-11,torch.Size([768]),1,12,0,82.29,85.59,95.03,87.87,86.81,46.41,82.52,71.66,79.7725,84.53857142857143
69,bert-base,AVG_LYR-11,torch.Size([768]),1,12,0,81.46,86.71,95.05,88.16,86.58,46.68,83.53,72.94,80.13874999999999,84.91857142857144
70,bert-base,SUM_LYR-11,torch.Size([768]),1,12,0,78.25,85.19,94.03,87.25,85.44,40.51,84.32,65.33,77.54,82.83000000000001
71,bert-base,MAX_LYR-11,torch.Size([768]),1,12,0,78.73,80.5,93.93,87.53,85.89,44.14,80.34,71.74,77.85000000000001,82.6657142857143
72,bert-base,AVG-NS_LYR-11,torch.Size([768]),1,12,0,81.45,86.75,95.03,87.84,86.7,46.41,83.44,72.94,80.07000000000002,84.87857142857145
73,bert-base,SUM-NS_LYR-11,torch.Size([768]),1,12,0,78.19,85.15,94.08,86.61,85.55,41.87,84.41,65.33,77.64875,82.76
74,bert-base,MAX-NS_LYR-11,torch.Size([768]),1,12,0,78.76,80.72,93.87,86.89,84.98,43.78,81.25,71.91,77.77,82.62571428571428
75,bert-base,CLS+AVG_LYR-11,torch.Size([1536]),1,12,0,82.84,87.27,95.41,88.73,88.07,47.5,86.37,73.77,81.245,86.0657142857143
76,bert-base,CLS+SUM_LYR-11,torch.Size([1536]),1,12,0,80.09,84.99,94.17,88.08,87.39,44.05,86.26,69.65,79.335,84.37571428571428
77,bert-base,CLS+MAX_LYR-11,torch.Size([1536]),1,12,0,82.5,85.58,95.19,88.48,87.61,46.87,85.25,72.74,80.5275,85.33571428571429
78,bert-base,CLS+AVG-NS_LYR-11,torch.Size([1536]),1,12,0,82.91,87.37,95.42,88.86,88.42,47.77,86.41,73.77,81.36625,86.16571428571429
79,bert-base,CLS+SUM-NS_LYR-11,torch.Size([1536]),1,12,0,80.04,84.89,94.1,88.09,86.7,43.69,85.97,69.75,79.15375,84.22
80,bert-base,CLS+MAX-NS_LYR-11,torch.Size([1536]),1,12,0,82.51,85.56,95.18,88.57,87.39,46.96,85.55,73.06,80.5975,85.40285714285713
81,bert-base,DY3_LYR-11,torch.Size([2304]),1,12,0,81.98,87.14,95.25,89.0,84.4,47.59,87.6,72.18,80.64250000000001,85.36428571428571
82,bert-base,DY3-NS_LYR-11,torch.Size([2304]),1,12,0,81.69,87.21,95.25,88.7,84.98,47.05,87.36,71.57,80.47625,85.25142857142858
83,bert-base,DY5_LYR-11,torch.Size([3840]),1,12,0,82.09,87.71,95.37,88.97,85.32,46.5,89.23,72.01,80.89999999999999,85.8142857142857
84,bert-base,DY5-NS_LYR-11,torch.Size([3840]),1,12,0,81.63,87.61,95.39,68.77,49.08,45.96,89.27,71.91,73.70249999999999,77.66571428571429
85,bert-base,CLS_LYR-12,torch.Size([768]),1,12,0,81.76,84.65,94.87,86.96,86.7,45.69,80.04,71.49,79.02,83.78142857142858
86,bert-base,AVG_LYR-12,torch.Size([768]),1,12,0,80.96,85.69,94.88,87.32,86.47,46.23,82.06,72.89,79.56249999999999,84.3242857142857
87,bert-base,SUM_LYR-12,torch.Size([768]),1,12,0,79.08,84.28,93.99,86.98,86.58,43.96,84.34,67.96,78.39625000000001,83.3157142857143
88,bert-base,MAX_LYR-12,torch.Size([768]),1,12,0,78.15,72.22,93.39,85.9,83.72,44.96,76.96,72.79,76.01124999999999,80.44714285714285
89,bert-base,AVG-NS_LYR-12,torch.Size([768]),1,12,0,80.92,85.62,94.81,87.22,86.35,45.87,82.01,73.09,79.48625000000001,84.28857142857144
90,bert-base,SUM-NS_LYR-12,torch.Size([768]),1,12,0,79.03,84.22,94.01,86.15,85.78,43.32,84.21,67.57,78.03625,82.99571428571429
91,bert-base,MAX-NS_LYR-12,torch.Size([768]),1,12,0,78.12,72.75,93.33,85.88,84.17,45.41,76.83,72.25,76.0925,80.47571428571428
92,bert-base,CLS+AVG_LYR-12,torch.Size([1536]),1,12,0,82.44,86.65,95.41,88.09,87.16,46.78,84.39,73.04,80.49499999999999,85.31142857142856
93,bert-base,CLS+SUM_LYR-12,torch.Size([1536]),1,12,0,80.61,84.71,94.23,87.44,87.16,44.14,85.31,67.35,78.86874999999999,83.83000000000001
94,bert-base,CLS+MAX_LYR-12,torch.Size([1536]),1,12,0,82.02,85.41,95.01,87.7,86.93,47.32,83.82,73.82,80.25375,84.95857142857143
95,bert-base,CLS+AVG-NS_LYR-12,torch.Size([1536]),1,12,0,82.36,86.63,95.4,88.25,87.27,46.68,84.3,73.14,80.50375,85.33571428571427
96,bert-base,CLS+SUM-NS_LYR-12,torch.Size([1536]),1,12,0,80.51,84.57,94.29,87.6,87.16,43.42,85.11,67.44,78.76249999999999,83.81142857142858
97,bert-base,CLS+MAX-NS_LYR-12,torch.Size([1536]),1,12,0,82.05,85.52,94.99,87.81,86.93,47.5,83.2,73.33,80.16625,84.83285714285715
98,bert-base,DY3_LYR-12,torch.Size([2304]),1,12,0,81.52,86.07,95.13,88.26,84.06,47.23,86.63,71.96,80.1075,84.80428571428571
99,bert-base,DY3-NS_LYR-12,torch.Size([2304]),1,12,0,81.29,86.27,95.08,88.31,84.06,47.41,86.33,72.03,80.0975,84.76714285714286
100,bert-base,DY5_LYR-12,torch.Size([3840]),1,12,0,81.71,86.82,95.23,88.38,83.6,46.96,88.08,72.03,80.35125,85.12142857142858
101,bert-base,DY5-NS_LYR-12,torch.Size([3840]),1,12,0,81.41,87.01,95.2,68.77,49.08,46.96,88.33,71.47,73.52875,77.32428571428571
102,bert-base,CLS_SUML4L,torch.Size([768]),1,12,0,82.32,86.55,95.36,88.22,87.16,45.78,84.87,67.59,79.73125,84.58142857142857
103,bert-base,AVG_SUML4L,torch.Size([768]),1,12,0,81.78,87.45,95.45,88.6,87.39,45.78,85.99,73.04,80.68499999999999,85.67142857142856
104,bert-base,SUM_SUML4L,torch.Size([768]),1,12,0,76.59,84.15,93.68,86.17,86.01,38.24,82.23,65.48,76.56875000000001,82.04428571428572
105,bert-base,MAX_SUML4L,torch.Size([768]),1,12,0,78.18,79.29,93.26,87.51,85.89,42.14,81.6,67.84,76.96375,81.93857142857144
106,bert-base,AVG-NS_SUML4L,torch.Size([768]),1,12,0,81.74,87.5,95.42,88.37,86.58,45.87,85.97,73.31,80.595,85.5557142857143
107,bert-base,SUM-NS_SUML4L,torch.Size([768]),1,12,0,76.51,84.08,93.63,86.03,84.75,38.87,82.69,65.6,76.52,81.89857142857143
108,bert-base,MAX-NS_SUML4L,torch.Size([768]),1,12,0,78.08,79.55,93.3,87.36,85.44,43.05,82.59,67.93,77.1625,82.03571428571429
109,bert-base,CLS+AVG_SUML4L,torch.Size([1536]),1,12,0,82.76,87.4,95.56,88.84,87.84,46.78,87.86,72.77,81.22625000000001,86.14714285714287
110,bert-base,CLS+SUM_SUML4L,torch.Size([1536]),1,12,0,77.14,84.58,93.73,87.19,86.47,40.6,84.35,68.67,77.84125,83.16142857142857
111,bert-base,CLS+MAX_SUML4L,torch.Size([1536]),1,12,0,81.75,85.56,95.01,88.31,86.47,44.96,86.21,69.28,79.69375,84.6557142857143
112,bert-base,CLS+AVG-NS_SUML4L,torch.Size([1536]),1,12,0,82.82,87.5,95.58,88.83,88.19,46.78,88.04,72.67,81.30124999999998,86.23285714285713
113,bert-base,CLS+SUM-NS_SUML4L,torch.Size([1536]),1,12,0,77.17,84.46,93.64,87.62,86.01,41.87,84.56,68.23,77.945,83.09857142857143
114,bert-base,CLS+MAX-NS_SUML4L,torch.Size([1536]),1,12,0,81.76,85.45,95.05,88.38,86.93,44.96,86.33,69.36,79.7775,84.75142857142858
115,bert-base,DY3_SUML4L,torch.Size([2304]),1,12,0,82.2,87.54,95.36,89.15,84.98,46.32,88.94,70.31,80.6,85.49714285714286
116,bert-base,DY3-NS_SUML4L,torch.Size([2304]),1,12,0,81.84,87.24,95.35,88.6,84.63,46.59,88.65,69.85,80.34375,85.16571428571429
117,bert-base,DY5_SUML4L,torch.Size([3840]),1,12,0,81.73,87.54,95.3,88.65,85.21,45.32,89.64,70.56,80.49375,85.51857142857145
118,bert-base,DY5-NS_SUML4L,torch.Size([3840]),1,12,0,81.39,87.41,95.3,68.77,49.08,46.59,89.73,69.85,73.515,77.36142857142856
119,bert-base,CLS_AVGL4L,torch.Size([768]),1,12,0,82.29,84.88,95.01,87.85,86.47,45.32,81.14,72.01,79.37125,84.23571428571428
120,bert-base,AVG_AVGL4L,torch.Size([768]),1,12,0,81.7,86.93,94.97,88.4,86.81,47.5,83.95,73.77,80.50375,85.21857142857142
121,bert-base,SUM_AVGL4L,torch.Size([768]),1,12,0,79.24,85.51,94.26,87.54,86.01,41.78,85.22,66.36,78.24000000000001,83.44857142857143
122,bert-base,MAX_AVGL4L,torch.Size([768]),1,12,0,78.86,78.68,93.64,87.47,85.78,44.96,79.68,72.77,77.72999999999999,82.41142857142857
123,bert-base,AVG-NS_AVGL4L,torch.Size([768]),1,12,0,81.7,86.98,94.93,88.3,86.81,47.32,83.88,74.14,80.50750000000001,85.24857142857142
124,bert-base,SUM-NS_AVGL4L,torch.Size([768]),1,12,0,79.15,85.48,94.26,86.98,85.89,42.78,85.22,66.61,78.29625,83.37
125,bert-base,MAX-NS_AVGL4L,torch.Size([768]),1,12,0,78.89,79.88,93.68,86.99,85.32,44.96,80.43,72.69,77.85499999999999,82.55428571428571
126,bert-base,CLS+AVG_AVGL4L,torch.Size([1536]),1,12,0,82.8,87.07,95.37,88.97,87.84,47.14,86.0,74.58,81.22125000000001,86.09000000000002
127,bert-base,CLS+SUM_AVGL4L,torch.Size([1536]),1,12,0,80.46,85.58,94.53,88.26,87.04,44.41,86.55,69.63,79.55749999999999,84.57857142857142
128,bert-base,CLS+MAX_AVGL4L,torch.Size([1536]),1,12,0,82.41,85.42,95.25,88.67,86.58,47.87,85.58,74.14,80.74,85.43571428571428
129,bert-base,CLS+AVG-NS_AVGL4L,torch.Size([1536]),1,12,0,82.84,87.06,95.41,89.17,87.96,46.78,85.95,74.39,81.19500000000001,86.11142857142856
130,bert-base,CLS+SUM-NS_AVGL4L,torch.Size([1536]),1,12,0,80.51,85.42,94.55,88.35,87.27,45.41,86.5,69.43,79.68,84.57571428571428
131,bert-base,CLS+MAX-NS_AVGL4L,torch.Size([1536]),1,12,0,82.42,85.24,95.2,88.73,86.81,47.68,85.29,74.14,80.68875,85.40428571428572
132,bert-base,DY3_AVGL4L,torch.Size([2304]),1,12,0,82.16,87.27,95.25,89.13,84.29,47.96,88.02,71.86,80.7425,85.42571428571429
133,bert-base,DY3-NS_AVGL4L,torch.Size([2304]),1,12,0,81.85,87.3,95.25,89.02,84.63,47.32,87.86,71.27,80.56249999999999,85.31142857142856
134,bert-base,DY5_AVGL4L,torch.Size([3840]),1,12,0,82.22,87.92,95.4,89.1,85.55,47.32,89.29,72.08,81.11,85.93714285714286
135,bert-base,DY5-NS_AVGL4L,torch.Size([3840]),1,12,0,81.92,87.62,95.42,68.77,49.08,47.23,89.4,71.79,73.90375,77.71428571428571
136,bert-base,CLS_SUMALL,torch.Size([768]),1,12,0,80.81,83.51,95.03,87.84,85.89,45.05,82.8,67.66,78.57375,83.36285714285714
137,bert-base,AVG_SUMALL,torch.Size([768]),1,12,0,80.36,85.19,95.14,88.73,86.12,44.87,84.94,67.52,79.10875,84.0
138,bert-base,SUM_SUMALL,torch.Size([768]),1,12,0,74.41,80.77,93.29,85.52,83.94,39.69,80.65,67.39,75.7075,80.85285714285715
139,bert-base,MAX_SUMALL,torch.Size([768]),1,12,0,72.08,65.22,90.21,86.33,81.77,35.42,77.48,67.44,71.99375,77.21857142857142
140,bert-base,AVG-NS_SUMALL,torch.Size([768]),1,12,0,80.42,84.95,95.1,88.54,85.55,44.05,85.03,67.44,78.88500000000002,83.86142857142856
141,bert-base,SUM-NS_SUMALL,torch.Size([768]),1,12,0,74.22,80.59,93.16,85.85,83.6,38.69,80.8,67.3,75.52624999999999,80.78857142857143
142,bert-base,MAX-NS_SUMALL,torch.Size([768]),1,12,0,71.9,65.56,90.47,86.69,81.77,32.88,77.99,67.47,71.84125,77.40714285714286
143,bert-base,CLS+AVG_SUMALL,torch.Size([1536]),1,12,0,81.38,84.64,95.25,88.73,86.81,44.69,87.23,68.52,79.65625,84.65142857142857
144,bert-base,CLS+SUM_SUMALL,torch.Size([1536]),1,12,0,75.11,82.76,93.3,86.13,84.4,39.24,81.05,69.23,76.4025,81.71142857142857
145,bert-base,CLS+MAX_SUMALL,torch.Size([1536]),1,12,0,77.76,77.51,93.49,87.58,86.24,40.69,82.63,65.65,76.44375,81.55142857142857
146,bert-base,CLS+AVG-NS_SUMALL,torch.Size([1536]),1,12,0,81.14,85.24,95.22,88.78,87.27,45.32,87.12,69.14,79.90374999999999,84.8442857142857
147,bert-base,CLS+SUM-NS_SUMALL,torch.Size([1536]),1,12,0,74.87,82.42,93.27,86.52,84.86,40.51,81.24,69.14,76.60374999999999,81.76
148,bert-base,CLS+MAX-NS_SUMALL,torch.Size([1536]),1,12,0,77.68,77.88,93.51,87.72,86.35,40.15,82.17,65.6,76.3825,81.55857142857143
149,bert-base,DY3_SUMALL,torch.Size([2304]),1,12,0,79.83,84.39,94.77,89.06,82.45,44.87,88.19,68.4,78.99499999999999,83.87
150,bert-base,DY3-NS_SUMALL,torch.Size([2304]),1,12,0,79.49,83.93,94.77,87.95,82.34,44.87,87.88,67.96,78.64875,83.47428571428573
151,bert-base,DY5_SUMALL,torch.Size([3840]),1,12,0,79.32,84.22,94.73,87.5,82.8,42.6,87.88,68.82,78.48374999999999,83.61
152,bert-base,DY5-NS_SUMALL,torch.Size([3840]),1,12,0,78.47,84.03,94.67,68.77,49.08,41.87,87.4,68.38,71.58375,75.82857142857142
153,bert-base,CLS_AVGALL,torch.Size([768]),1,12,0,80.41,71.73,94.22,87.53,86.01,43.6,75.97,68.74,76.02625,80.65857142857143
154,bert-base,AVG_AVGALL,torch.Size([768]),1,12,0,80.22,84.47,94.7,89.41,85.78,47.68,82.23,73.58,79.75874999999999,84.34142857142857
155,bert-base,SUM_AVGALL,torch.Size([768]),1,12,0,78.87,83.35,94.37,88.68,85.09,44.41,84.59,67.42,78.3475,83.19571428571429
156,bert-base,MAX_AVGALL,torch.Size([768]),1,12,0,75.61,68.77,92.51,88.01,81.65,42.33,77.35,72.77,74.87499999999999,79.52428571428571
157,bert-base,AVG-NS_AVGALL,torch.Size([768]),1,12,0,80.24,84.51,94.72,89.67,85.78,47.5,82.79,73.45,79.83250000000001,84.45142857142858
158,bert-base,SUM-NS_AVGALL,torch.Size([768]),1,12,0,78.81,83.28,94.29,88.86,85.21,44.05,84.87,67.39,78.345,83.24428571428571
159,bert-base,MAX-NS_AVGALL,torch.Size([768]),1,12,0,75.7,69.66,92.54,88.42,81.88,43.42,77.92,72.5,75.25500000000001,79.80285714285716
160,bert-base,CLS+AVG_AVGALL,torch.Size([1536]),1,12,0,81.29,82.58,95.06,89.63,86.7,47.68,83.55,73.38,79.98375,84.59857142857142
161,bert-base,CLS+SUM_AVGALL,torch.Size([1536]),1,12,0,79.47,83.94,94.44,89.18,85.44,44.69,85.31,69.73,79.025,83.92999999999999
162,bert-base,CLS+MAX_AVGALL,torch.Size([1536]),1,12,0,80.36,79.78,94.3,89.04,86.12,44.69,81.68,72.67,78.58,83.42142857142858
163,bert-base,CLS+AVG-NS_AVGALL,torch.Size([1536]),1,12,0,81.32,82.52,95.07,89.79,86.58,47.5,83.77,73.21,79.97,84.60857142857142
164,bert-base,CLS+SUM-NS_AVGALL,torch.Size([1536]),1,12,0,79.45,83.9,94.41,89.16,86.12,45.23,84.87,70.29,79.17875,84.02857142857142
165,bert-base,CLS+MAX-NS_AVGALL,torch.Size([1536]),1,12,0,80.35,80.04,94.3,89.27,85.89,44.96,82.43,72.72,78.745,83.57142857142857
166,bert-base,DY3_AVGALL,torch.Size([2304]),1,12,0,80.88,84.86,95.0,90.02,82.34,47.5,87.29,70.93,79.85249999999999,84.4742857142857
167,bert-base,DY3-NS_AVGALL,torch.Size([2304]),1,12,0,80.59,84.66,94.93,89.63,82.57,46.59,87.31,71.05,79.66624999999999,84.39142857142858
168,bert-base,DY5_AVGALL,torch.Size([3840]),1,12,0,80.98,85.4,95.31,89.24,82.45,45.59,88.57,71.3,79.85499999999999,84.75
169,bert-base,DY5-NS_AVGALL,torch.Size([3840]),1,12,0,80.51,85.21,95.25,68.77,49.08,45.59,88.83,71.37,73.07625,77.00285714285714
170,roberta-base,CLS_LYR-7,torch.Size([768]),1,12,0,74.36,63.76,85.84,68.77,86.47,36.42,40.7,67.54,65.4825,69.63428571428572
171,roberta-base,AVG_LYR-7,torch.Size([768]),1,12,0,84.69,88.7,94.58,87.94,89.22,49.41,82.7,67.54,80.5975,85.05285714285715
172,roberta-base,SUM_LYR-7,torch.Size([768]),1,12,0,83.77,88.33,94.57,87.96,88.99,46.87,85.29,67.62,80.425,85.21857142857142
173,roberta-base,MAX_LYR-7,torch.Size([768]),1,12,0,79.95,71.28,92.3,86.7,86.47,45.5,76.25,67.54,75.74875,80.07000000000001
174,roberta-base,AVG-NS_LYR-7,torch.Size([768]),1,12,0,84.73,88.87,94.61,88.23,89.33,49.23,83.01,67.54,80.69375000000001,85.18857142857144
175,roberta-base,SUM-NS_LYR-7,torch.Size([768]),1,12,0,83.88,88.4,94.61,87.97,89.11,46.96,84.96,67.54,80.42875,85.21000000000001
176,roberta-base,MAX-NS_LYR-7,torch.Size([768]),1,12,0,79.88,71.7,92.35,86.96,86.47,45.59,77.33,67.54,75.9775,80.31857142857143
177,roberta-base,CLS+AVG_LYR-7,torch.Size([1536]),1,12,0,84.35,82.99,94.53,88.04,88.88,50.23,81.29,74.93,80.655,85.00142857142858
178,roberta-base,CLS+SUM_LYR-7,torch.Size([1536]),1,12,0,84.21,88.21,94.71,88.14,89.56,46.41,85.0,69.36,80.7,85.59857142857142
179,roberta-base,CLS+MAX_LYR-7,torch.Size([1536]),1,12,0,80.38,66.85,92.59,86.8,86.35,44.96,76.72,73.21,75.9825,80.41428571428573
180,roberta-base,CLS+AVG-NS_LYR-7,torch.Size([1536]),1,12,0,84.46,84.03,94.54,88.3,89.11,50.05,81.77,74.9,80.89500000000001,85.30142857142857
181,roberta-base,CLS+SUM-NS_LYR-7,torch.Size([1536]),1,12,0,84.14,88.23,94.73,88.16,89.45,47.23,85.69,69.38,80.87625,85.68285714285715
182,roberta-base,CLS+MAX-NS_LYR-7,torch.Size([1536]),1,12,0,80.42,67.19,92.58,87.1,86.47,46.41,77.11,73.04,76.28999999999999,80.55857142857143
183,roberta-base,DY3_LYR-7,torch.Size([2304]),1,12,0,85.32,89.11,95.18,89.22,88.76,49.86,87.2,70.88,81.94125000000001,86.52428571428572
184,roberta-base,DY3-NS_LYR-7,torch.Size([2304]),1,12,0,85.31,88.97,95.21,88.86,89.33,50.23,87.6,70.58,82.01125,86.55142857142857
185,roberta-base,DY5_LYR-7,torch.Size([3840]),1,12,0,85.34,89.38,95.34,88.65,89.22,49.68,89.27,71.07,82.24375,86.89571428571428
186,roberta-base,DY5-NS_LYR-7,torch.Size([3840]),1,12,0,85.41,90.0,95.41,68.77,89.33,48.96,88.94,71.03,79.73124999999999,84.12714285714284
187,roberta-base,CLS_LYR-8,torch.Size([768]),1,12,0,71.0,63.76,80.76,68.77,80.62,29.25,36.61,67.54,62.28875,67.00857142857143
188,roberta-base,AVG_LYR-8,torch.Size([768]),1,12,0,84.86,88.61,94.57,87.83,89.79,50.86,82.39,67.54,80.80624999999999,85.0842857142857
189,roberta-base,SUM_LYR-8,torch.Size([768]),1,12,0,84.22,88.5,94.57,87.69,89.79,46.23,84.83,67.57,80.42500000000001,85.31000000000002
190,roberta-base,MAX_LYR-8,torch.Size([768]),1,12,0,80.82,68.51,92.45,86.87,88.65,45.14,76.76,67.54,75.84249999999999,80.22857142857141
191,roberta-base,AVG-NS_LYR-8,torch.Size([768]),1,12,0,84.87,88.75,94.63,88.03,89.79,50.68,82.46,67.54,80.84375,85.15285714285713
192,roberta-base,SUM-NS_LYR-8,torch.Size([768]),1,12,0,84.18,88.56,94.62,87.7,89.68,46.96,84.87,67.54,80.51374999999999,85.30714285714285
193,roberta-base,MAX-NS_LYR-8,torch.Size([768]),1,12,0,80.83,68.86,92.55,86.96,88.19,45.5,76.65,67.54,75.88499999999999,80.22571428571428
194,roberta-base,CLS+AVG_LYR-8,torch.Size([1536]),1,12,0,84.79,83.58,94.38,87.92,89.22,50.32,80.59,75.02,80.72749999999999,85.07142857142857
195,roberta-base,CLS+SUM_LYR-8,torch.Size([1536]),1,12,0,84.42,88.82,94.55,87.78,89.79,48.68,85.51,69.31,81.10750000000002,85.74000000000001
196,roberta-base,CLS+MAX_LYR-8,torch.Size([1536]),1,12,0,80.99,67.12,92.55,86.78,88.3,47.5,76.34,73.38,76.62,80.78
197,roberta-base,CLS+AVG-NS_LYR-8,torch.Size([1536]),1,12,0,84.85,84.04,94.45,88.2,89.56,50.5,81.53,75.1,81.02875,85.39
198,roberta-base,CLS+SUM-NS_LYR-8,torch.Size([1536]),1,12,0,84.45,88.59,94.61,87.92,90.02,48.41,85.66,68.92,81.07249999999999,85.73857142857142
199,roberta-base,CLS+MAX-NS_LYR-8,torch.Size([1536]),1,12,0,81.0,67.32,92.58,86.96,87.96,47.41,76.27,73.41,76.61374999999998,80.78571428571426
200,roberta-base,DY3_LYR-8,torch.Size([2304]),1,12,0,85.6,89.28,95.32,88.94,89.22,51.95,87.47,70.56,82.29249999999999,86.62714285714287
201,roberta-base,DY3-NS_LYR-8,torch.Size([2304]),1,12,0,85.57,89.71,95.32,88.77,89.33,51.32,87.58,70.85,82.30624999999999,86.73285714285714
202,roberta-base,DY5_LYR-8,torch.Size([3840]),1,12,0,85.76,89.65,95.53,88.45,89.45,49.95,89.29,70.41,82.31125,86.9342857142857
203,roberta-base,DY5-NS_LYR-8,torch.Size([3840]),1,12,0,85.91,89.92,95.49,68.77,88.88,49.68,89.21,70.41,79.78375,84.0842857142857
204,roberta-base,CLS_LYR-9,torch.Size([768]),1,12,0,72.41,63.76,82.89,68.77,80.85,29.25,32.69,67.54,62.269999999999996,66.98714285714286
205,roberta-base,AVG_LYR-9,torch.Size([768]),1,12,0,84.54,88.13,94.66,87.35,89.45,50.77,82.87,67.54,80.66375,84.9342857142857
206,roberta-base,SUM_LYR-9,torch.Size([768]),1,12,0,83.51,87.95,94.73,87.26,90.37,45.41,84.78,67.62,80.20375,85.17428571428572
207,roberta-base,MAX_LYR-9,torch.Size([768]),1,12,0,79.88,68.26,92.33,86.22,86.81,45.78,76.5,67.54,75.41499999999999,79.64857142857143
208,roberta-base,AVG-NS_LYR-9,torch.Size([768]),1,12,0,84.47,88.31,94.68,87.6,89.45,50.86,82.74,67.54,80.70625,84.97
209,roberta-base,SUM-NS_LYR-9,torch.Size([768]),1,12,0,83.54,87.99,94.73,87.28,90.37,45.23,84.89,67.57,80.19999999999999,85.19571428571427
210,roberta-base,MAX-NS_LYR-9,torch.Size([768]),1,12,0,79.72,67.66,92.36,86.5,86.7,45.05,76.25,67.54,75.2225,79.53285714285714
211,roberta-base,CLS+AVG_LYR-9,torch.Size([1536]),1,12,0,84.32,82.66,94.52,87.31,89.33,50.23,82.02,75.47,80.7325,85.09
212,roberta-base,CLS+SUM_LYR-9,torch.Size([1536]),1,12,0,83.82,87.44,94.67,87.35,90.14,48.59,85.45,69.21,80.83375000000001,85.44000000000001
213,roberta-base,CLS+MAX_LYR-9,torch.Size([1536]),1,12,0,79.91,67.52,92.4,85.93,86.81,46.14,76.06,74.02,76.09875,80.37857142857142
214,roberta-base,CLS+AVG-NS_LYR-9,torch.Size([1536]),1,12,0,84.36,83.13,94.53,87.63,89.45,50.32,82.08,75.37,80.85875,85.22142857142856
215,roberta-base,CLS+SUM-NS_LYR-9,torch.Size([1536]),1,12,0,83.96,87.78,94.72,87.44,90.25,48.59,85.69,69.33,80.97000000000001,85.5957142857143
216,roberta-base,CLS+MAX-NS_LYR-9,torch.Size([1536]),1,12,0,79.8,67.5,92.41,86.27,86.7,45.87,76.08,73.36,75.99875,80.30285714285715
217,roberta-base,DY3_LYR-9,torch.Size([2304]),1,12,0,85.21,88.75,95.41,88.69,88.65,51.59,87.14,70.78,82.0275,86.37571428571428
218,roberta-base,DY3-NS_LYR-9,torch.Size([2304]),1,12,0,85.31,89.01,95.46,88.33,88.42,51.41,87.51,70.49,81.99249999999999,86.36142857142856
219,roberta-base,DY5_LYR-9,torch.Size([3840]),1,12,0,85.28,89.28,95.66,87.95,88.42,49.14,89.2,71.3,82.02875,86.72714285714287
220,roberta-base,DY5-NS_LYR-9,torch.Size([3840]),1,12,0,85.33,89.31,95.59,68.77,88.88,49.86,89.12,71.39,79.78125,84.05571428571429
221,roberta-base,CLS_LYR-10,torch.Size([768]),1,12,0,74.17,63.76,86.07,68.77,81.08,31.7,34.37,67.54,63.4325,67.96571428571428
222,roberta-base,AVG_LYR-10,torch.Size([768]),1,12,0,84.16,87.63,94.54,87.27,88.88,50.14,82.65,67.54,80.35125,84.66714285714285
223,roberta-base,SUM_LYR-10,torch.Size([768]),1,12,0,83.48,87.73,94.56,86.81,88.99,45.5,85.12,67.76,79.99375,84.92142857142858
224,roberta-base,MAX_LYR-10,torch.Size([768]),1,12,0,79.73,69.07,92.39,86.02,86.47,45.96,78.04,67.54,75.65249999999999,79.89428571428572
225,roberta-base,AVG-NS_LYR-10,torch.Size([768]),1,12,0,84.21,87.72,94.57,87.45,89.22,50.05,82.83,67.54,80.44874999999999,84.79142857142857
226,roberta-base,SUM-NS_LYR-10,torch.Size([768]),1,12,0,83.49,87.78,94.57,86.96,89.11,46.05,85.14,67.64,80.0925,84.95571428571428
227,roberta-base,MAX-NS_LYR-10,torch.Size([768]),1,12,0,79.81,68.86,92.35,86.24,86.47,45.87,77.4,67.54,75.5675,79.80999999999999
228,roberta-base,CLS+AVG_LYR-10,torch.Size([1536]),1,12,0,84.0,82.61,94.28,87.27,88.76,50.14,81.71,75.51,80.535,84.87714285714286
229,roberta-base,CLS+SUM_LYR-10,torch.Size([1536]),1,12,0,83.65,87.54,94.62,87.04,89.33,47.14,85.67,69.06,80.50625,85.27285714285715
230,roberta-base,CLS+MAX_LYR-10,torch.Size([1536]),1,12,0,80.13,67.57,92.56,85.73,87.5,45.5,76.21,73.94,76.14250000000001,80.52
231,roberta-base,CLS+AVG-NS_LYR-10,torch.Size([1536]),1,12,0,83.93,83.12,94.33,87.54,88.99,50.05,82.67,75.42,80.75625,85.14285714285714
232,roberta-base,CLS+SUM-NS_LYR-10,torch.Size([1536]),1,12,0,83.63,87.76,94.66,87.17,89.33,47.23,85.71,69.04,80.56625,85.32857142857142
233,roberta-base,CLS+MAX-NS_LYR-10,torch.Size([1536]),1,12,0,80.07,68.13,92.52,86.09,87.04,45.5,76.03,73.8,76.1475,80.52571428571427
234,roberta-base,DY3_LYR-10,torch.Size([2304]),1,12,0,84.84,88.39,95.4,88.37,88.53,50.23,87.77,70.78,81.78875,86.29714285714284
235,roberta-base,DY3-NS_LYR-10,torch.Size([2304]),1,12,0,84.87,88.78,95.39,88.03,88.3,50.59,87.82,70.76,81.8175,86.27857142857144
236,roberta-base,DY5_LYR-10,torch.Size([3840]),1,12,0,84.96,88.62,95.67,87.92,88.76,47.96,89.67,71.05,81.82624999999999,86.66428571428571
237,roberta-base,DY5-NS_LYR-10,torch.Size([3840]),1,12,0,84.89,88.67,95.59,68.77,88.99,49.14,89.51,70.95,79.56375,83.91
238,roberta-base,CLS_LYR-11,torch.Size([768]),1,12,0,77.25,63.76,86.5,68.77,83.14,38.51,40.9,67.54,65.79624999999999,69.69428571428571
239,roberta-base,AVG_LYR-11,torch.Size([768]),1,12,0,83.53,86.46,94.67,86.45,88.53,49.68,81.16,67.54,79.7525,84.04857142857142
240,roberta-base,SUM_LYR-11,torch.Size([768]),1,12,0,82.76,87.88,94.5,86.13,88.65,45.05,84.5,67.64,79.63875,84.58
241,roberta-base,MAX_LYR-11,torch.Size([768]),1,12,0,78.3,68.36,92.57,85.0,85.67,43.96,77.04,67.54,74.80499999999999,79.21142857142857
242,roberta-base,AVG-NS_LYR-11,torch.Size([768]),1,12,0,83.61,86.76,94.69,86.61,88.65,49.68,81.57,67.54,79.88875,84.20428571428572
243,roberta-base,SUM-NS_LYR-11,torch.Size([768]),1,12,0,82.7,87.83,94.51,86.15,88.76,44.23,84.63,67.64,79.55625,84.60285714285715
244,roberta-base,MAX-NS_LYR-11,torch.Size([768]),1,12,0,78.48,68.52,92.56,85.17,85.55,44.32,76.08,67.54,74.7775,79.12857142857142
245,roberta-base,CLS+AVG_LYR-11,torch.Size([1536]),1,12,0,83.5,80.58,94.6,86.6,88.99,49.95,81.05,74.56,79.97874999999999,84.2685714285714
246,roberta-base,CLS+SUM_LYR-11,torch.Size([1536]),1,12,0,83.28,87.33,94.61,86.41,88.99,47.68,84.56,69.41,80.28375,84.94142857142857
247,roberta-base,CLS+MAX_LYR-11,torch.Size([1536]),1,12,0,79.5,66.8,92.93,85.22,86.7,44.6,75.97,74.07,75.72375,80.17
248,roberta-base,CLS+AVG-NS_LYR-11,torch.Size([1536]),1,12,0,83.49,80.3,94.59,86.85,88.65,50.14,81.44,74.71,80.02125000000001,84.28999999999999
249,roberta-base,CLS+SUM-NS_LYR-11,torch.Size([1536]),1,12,0,83.32,87.36,94.63,86.57,89.11,47.5,84.61,69.16,80.2825,84.96571428571428
250,roberta-base,CLS+MAX-NS_LYR-11,torch.Size([1536]),1,12,0,79.65,67.04,93.0,85.35,86.81,44.5,75.99,73.33,75.70875,80.16714285714285
251,roberta-base,DY3_LYR-11,torch.Size([2304]),1,12,0,84.44,87.96,95.33,88.04,87.96,49.68,86.9,70.71,81.3775,85.9057142857143
252,roberta-base,DY3-NS_LYR-11,torch.Size([2304]),1,12,0,84.4,88.3,95.36,87.44,87.73,49.68,87.6,70.58,81.38625,85.9157142857143
253,roberta-base,DY5_LYR-11,torch.Size([3840]),1,12,0,84.48,88.15,95.68,87.38,87.96,48.14,89.18,71.07,81.505,86.27142857142856
254,roberta-base,DY5-NS_LYR-11,torch.Size([3840]),1,12,0,84.23,88.46,95.68,68.77,88.19,48.68,88.55,71.2,79.22,83.58285714285715
255,roberta-base,CLS_LYR-12,torch.Size([768]),1,12,0,78.15,63.76,91.83,68.77,83.37,38.96,47.71,67.54,67.51124999999999,71.59
256,roberta-base,AVG_LYR-12,torch.Size([768]),1,12,0,81.62,81.52,93.77,84.11,86.7,48.59,76.93,67.54,77.5975,81.74142857142856
257,roberta-base,SUM_LYR-12,torch.Size([768]),1,12,0,83.37,86.81,94.86,85.47,87.61,48.68,84.28,67.59,79.83375000000001,84.28428571428572
258,roberta-base,MAX_LYR-12,torch.Size([768]),1,12,0,76.72,64.46,92.12,79.48,83.72,42.42,73.51,67.54,72.49625,76.79285714285713
259,roberta-base,AVG-NS_LYR-12,torch.Size([768]),1,12,0,81.76,81.66,93.75,85.12,86.81,48.32,78.92,67.54,77.985,82.22285714285715
260,roberta-base,SUM-NS_LYR-12,torch.Size([768]),1,12,0,83.36,86.86,94.89,85.33,87.73,48.59,84.3,67.59,79.83125,84.29428571428572
261,roberta-base,MAX-NS_LYR-12,torch.Size([768]),1,12,0,76.63,64.5,92.09,80.34,83.6,42.42,73.06,67.57,72.52625,76.82714285714285
262,roberta-base,CLS+AVG_LYR-12,torch.Size([1536]),1,12,0,81.87,70.48,93.88,83.75,87.27,48.41,77.62,74.21,77.18625,81.29714285714286
263,roberta-base,CLS+SUM_LYR-12,torch.Size([1536]),1,12,0,83.41,86.48,95.04,85.49,87.84,48.5,84.43,68.79,79.9975,84.49714285714286
264,roberta-base,CLS+MAX_LYR-12,torch.Size([1536]),1,12,0,78.73,63.97,92.87,82.6,84.4,43.32,73.4,73.45,74.0925,78.48857142857142
265,roberta-base,CLS+AVG-NS_LYR-12,torch.Size([1536]),1,12,0,81.87,71.24,93.95,84.7,87.04,48.86,78.43,74.07,77.52000000000001,81.61428571428571
266,roberta-base,CLS+SUM-NS_LYR-12,torch.Size([1536]),1,12,0,83.43,86.49,95.05,85.65,87.73,48.23,84.7,68.92,80.025,84.56714285714285
267,roberta-base,CLS+MAX-NS_LYR-12,torch.Size([1536]),1,12,0,78.72,64.0,92.93,82.97,84.29,42.96,73.11,73.55,74.06625,78.51
268,roberta-base,DY3_LYR-12,torch.Size([2304]),1,12,0,82.84,84.51,94.63,86.25,85.89,47.77,84.5,70.46,79.60625,84.15428571428572
269,roberta-base,DY3-NS_LYR-12,torch.Size([2304]),1,12,0,82.79,84.89,94.69,85.95,86.01,48.23,85.53,70.53,79.8275,84.34142857142857
270,roberta-base,DY5_LYR-12,torch.Size([3840]),1,12,0,83.14,85.26,95.11,86.33,85.78,46.32,88.02,70.93,80.11125000000001,84.93857142857142
271,roberta-base,DY5-NS_LYR-12,torch.Size([3840]),1,12,0,83.23,85.17,95.12,68.77,86.58,47.23,87.93,71.12,78.14375,82.55999999999999
272,roberta-base,CLS_SUML4L,torch.Size([768]),1,12,0,77.94,63.76,91.11,68.77,83.94,33.61,44.13,67.54,66.35,71.02714285714286
273,roberta-base,AVG_SUML4L,torch.Size([768]),1,12,0,85.11,89.3,95.39,87.57,89.79,48.77,84.79,67.54,81.0325,85.64142857142858
274,roberta-base,SUM_SUML4L,torch.Size([768]),1,12,0,80.68,86.58,93.63,85.94,89.11,43.32,82.17,67.69,78.63999999999999,83.68571428571428
275,roberta-base,MAX_SUML4L,torch.Size([768]),1,12,0,79.66,75.11,92.45,86.11,86.35,45.14,81.97,67.54,76.79124999999999,81.31285714285714
276,roberta-base,AVG-NS_SUML4L,torch.Size([768]),1,12,0,85.12,89.32,95.41,87.72,89.91,49.23,84.81,67.54,81.1325,85.68999999999998
277,roberta-base,SUM-NS_SUML4L,torch.Size([768]),1,12,0,80.82,86.62,93.63,86.16,89.11,43.23,82.12,67.66,78.66875,83.73142857142857
278,roberta-base,MAX-NS_SUML4L,torch.Size([768]),1,12,0,79.53,74.77,92.54,86.19,86.35,44.23,81.9,67.54,76.63125,81.25999999999999
279,roberta-base,CLS+AVG_SUML4L,torch.Size([1536]),1,12,0,84.83,86.84,95.16,87.5,89.56,50.41,84.1,70.17,81.07125,85.45142857142856
280,roberta-base,CLS+SUM_SUML4L,torch.Size([1536]),1,12,0,81.08,86.46,93.96,86.62,89.45,42.42,84.12,68.96,79.13375,84.37857142857145
281,roberta-base,CLS+MAX_SUML4L,torch.Size([1536]),1,12,0,80.49,75.4,93.09,86.28,87.39,45.14,80.87,68.38,77.13,81.7
282,roberta-base,CLS+AVG-NS_SUML4L,torch.Size([1536]),1,12,0,84.77,87.05,95.15,87.72,89.91,50.5,84.28,70.19,81.19624999999999,85.58142857142856
283,roberta-base,CLS+SUM-NS_SUML4L,torch.Size([1536]),1,12,0,81.05,86.72,93.97,86.78,89.11,43.42,84.1,69.01,79.27,84.39142857142858
284,roberta-base,CLS+MAX-NS_SUML4L,torch.Size([1536]),1,12,0,80.6,75.23,93.15,86.51,87.27,45.14,80.63,68.72,77.15625,81.73
285,roberta-base,DY3_SUML4L,torch.Size([2304]),1,12,0,85.2,89.33,95.84,88.71,89.11,50.59,88.37,68.2,81.91875,86.39428571428572
286,roberta-base,DY3-NS_SUML4L,torch.Size([2304]),1,12,0,85.13,89.52,95.87,88.29,88.76,49.77,88.79,68.67,81.85,86.43285714285715
287,roberta-base,DY5_SUML4L,torch.Size([3840]),1,12,0,84.96,89.03,95.82,87.69,89.11,48.05,90.0,69.38,81.75500000000001,86.57000000000001
288,roberta-base,DY5-NS_SUML4L,torch.Size([3840]),1,12,0,84.7,89.01,95.78,68.77,89.11,47.32,89.49,68.74,79.115,83.65714285714286
289,roberta-base,CLS_AVGL4L,torch.Size([768]),1,12,0,75.92,63.76,90.0,68.77,83.6,38.06,34.32,67.54,65.24624999999999,69.13
290,roberta-base,AVG_AVGL4L,torch.Size([768]),1,12,0,83.96,86.87,94.45,87.15,89.68,50.59,81.68,67.54,80.23999999999998,84.47571428571428
291,roberta-base,SUM_AVGL4L,torch.Size([768]),1,12,0,83.83,88.5,94.91,86.88,90.25,46.5,85.34,67.62,80.47875,85.33285714285715
292,roberta-base,MAX_AVGL4L,torch.Size([768]),1,12,0,79.71,68.22,92.5,85.51,86.01,46.96,75.59,67.54,75.255,79.29714285714284
293,roberta-base,AVG-NS_AVGL4L,torch.Size([768]),1,12,0,84.0,87.16,94.52,87.32,89.68,50.32,81.73,67.54,80.28375,84.5642857142857
294,roberta-base,SUM-NS_AVGL4L,torch.Size([768]),1,12,0,83.89,88.43,94.87,86.93,90.25,46.41,85.31,67.62,80.46374999999999,85.32857142857144
295,roberta-base,MAX-NS_AVGL4L,torch.Size([768]),1,12,0,79.86,68.13,92.52,85.6,85.89,47.23,75.81,67.54,75.32249999999999,79.33571428571429
296,roberta-base,CLS+AVG_AVGL4L,torch.Size([1536]),1,12,0,83.81,80.73,94.36,87.17,89.45,51.04,81.27,75.27,80.3875,84.58000000000001
297,roberta-base,CLS+SUM_AVGL4L,torch.Size([1536]),1,12,0,84.07,87.9,94.82,87.02,89.68,48.32,85.91,69.09,80.85125,85.49857142857142
298,roberta-base,CLS+MAX_AVGL4L,torch.Size([1536]),1,12,0,80.18,66.04,92.84,86.05,86.47,45.32,74.96,74.31,75.77125000000001,80.12142857142858
299,roberta-base,CLS+AVG-NS_AVGL4L,torch.Size([1536]),1,12,0,83.82,81.55,94.35,87.35,89.45,50.86,81.84,74.98,80.525,84.76285714285714
300,roberta-base,CLS+SUM-NS_AVGL4L,torch.Size([1536]),1,12,0,84.04,87.96,94.91,87.15,89.79,48.68,85.95,69.21,80.96125,85.57285714285715
301,roberta-base,CLS+MAX-NS_AVGL4L,torch.Size([1536]),1,12,0,80.26,65.81,92.85,86.14,86.24,45.14,75.18,74.24,75.7325,80.10285714285715
302,roberta-base,DY3_AVGL4L,torch.Size([2304]),1,12,0,84.75,88.03,95.39,88.3,88.53,51.04,86.79,70.95,81.72250000000001,86.10571428571428
303,roberta-base,DY3-NS_AVGL4L,torch.Size([2304]),1,12,0,84.75,88.3,95.35,87.93,88.53,50.95,87.58,70.76,81.76875,86.17142857142858
304,roberta-base,DY5_AVGL4L,torch.Size([3840]),1,12,0,85.03,88.49,95.7,87.8,88.88,48.96,88.92,71.25,81.87875,86.58142857142856
305,roberta-base,DY5-NS_AVGL4L,torch.Size([3840]),1,12,0,84.89,88.58,95.65,68.77,89.22,49.05,88.96,70.85,79.49625,83.8457142857143
306,roberta-base,CLS_SUMALL,torch.Size([768]),1,12,0,74.06,63.8,89.38,68.77,83.83,31.24,38.72,67.54,64.66749999999999,69.44285714285714
307,roberta-base,AVG_SUMALL,torch.Size([768]),1,12,0,84.49,88.69,95.3,88.29,88.99,49.5,85.14,67.54,80.9925,85.49142857142859
308,roberta-base,SUM_SUMALL,torch.Size([768]),1,12,0,79.43,84.81,93.39,85.81,88.07,40.33,81.02,67.54,77.55,82.86714285714285
309,roberta-base,MAX_SUMALL,torch.Size([768]),1,12,0,76.06,65.16,90.81,86.21,85.32,41.42,78.93,67.54,73.93125,78.57571428571428
310,roberta-base,AVG-NS_SUMALL,torch.Size([768]),1,12,0,84.47,88.59,95.34,88.45,89.33,49.86,85.22,67.57,81.10374999999999,85.56714285714285
311,roberta-base,SUM-NS_SUMALL,torch.Size([768]),1,12,0,79.37,84.77,93.41,85.9,87.73,40.6,80.96,67.54,77.535,82.81142857142856
312,roberta-base,MAX-NS_SUMALL,torch.Size([768]),1,12,0,75.72,65.17,90.8,86.38,85.09,36.69,78.76,67.54,73.26875,78.49428571428571
313,roberta-base,CLS+AVG_SUMALL,torch.Size([1536]),1,12,0,84.39,86.31,95.11,88.33,89.11,48.86,85.67,69.9,80.96,85.54571428571428
314,roberta-base,CLS+SUM_SUMALL,torch.Size([1536]),1,12,0,80.2,85.91,93.85,86.24,88.65,43.96,81.14,68.92,78.60875,83.55857142857143
315,roberta-base,CLS+MAX_SUMALL,torch.Size([1536]),1,12,0,77.37,72.28,91.84,86.53,86.12,41.51,79.44,68.4,75.43624999999999,80.28285714285714
316,roberta-base,CLS+AVG-NS_SUMALL,torch.Size([1536]),1,12,0,84.35,87.36,95.11,88.48,88.76,49.05,85.58,70.09,81.09750000000001,85.67571428571429
317,roberta-base,CLS+SUM-NS_SUMALL,torch.Size([1536]),1,12,0,80.09,86.06,93.85,86.5,88.07,42.23,81.31,69.01,78.39,83.55571428571429
318,roberta-base,CLS+MAX-NS_SUMALL,torch.Size([1536]),1,12,0,77.71,72.07,91.7,86.44,85.55,41.96,79.49,68.47,75.42375,80.2042857142857
319,roberta-base,DY3_SUMALL,torch.Size([2304]),1,12,0,84.55,88.83,95.39,89.07,88.07,47.96,87.66,67.57,81.13749999999999,85.87714285714284
320,roberta-base,DY3-NS_SUMALL,torch.Size([2304]),1,12,0,84.48,88.49,95.38,88.38,87.61,47.41,87.8,67.66,80.90124999999999,85.68571428571428
321,roberta-base,DY5_SUMALL,torch.Size([3840]),1,12,0,83.88,87.62,95.1,87.81,88.19,45.87,89.23,69.6,80.91250000000001,85.91857142857144
322,roberta-base,DY5-NS_SUMALL,torch.Size([3840]),1,12,0,83.65,87.69,95.06,68.77,87.73,44.87,88.57,69.73,78.25874999999999,83.02857142857142
323,roberta-base,CLS_AVGALL,torch.Size([768]),1,12,0,68.63,63.76,84.28,68.77,82.22,36.15,33.31,67.54,63.082499999999996,66.92999999999999
324,roberta-base,AVG_AVGALL,torch.Size([768]),1,12,0,83.17,85.45,94.15,88.03,87.16,48.86,81.6,67.54,79.49499999999999,83.87142857142855
325,roberta-base,SUM_AVGALL,torch.Size([768]),1,12,0,83.63,87.86,94.82,87.92,88.99,47.96,84.98,67.54,80.46249999999999,85.10571428571428
326,roberta-base,MAX_AVGALL,torch.Size([768]),1,12,0,78.29,66.03,91.93,85.86,85.32,44.14,73.79,67.54,74.1125,78.39428571428572
327,roberta-base,AVG-NS_AVGALL,torch.Size([768]),1,12,0,83.24,85.52,94.16,88.08,87.04,48.77,82.3,67.54,79.58124999999998,83.98285714285713
328,roberta-base,SUM-NS_AVGALL,torch.Size([768]),1,12,0,83.56,87.88,94.75,87.99,88.88,46.05,85.09,67.62,80.2275,85.11
329,roberta-base,MAX-NS_AVGALL,torch.Size([768]),1,12,0,78.29,66.76,91.94,86.25,85.78,44.41,74.69,67.54,74.45749999999998,78.75
330,roberta-base,CLS+AVG_AVGALL,torch.Size([1536]),1,12,0,82.94,77.62,94.05,88.0,87.27,49.14,81.22,74.44,79.33500000000001,83.64857142857143
331,roberta-base,CLS+SUM_AVGALL,torch.Size([1536]),1,12,0,83.86,87.45,94.8,87.85,89.22,48.59,85.77,69.38,80.86500000000001,85.47571428571429
332,roberta-base,CLS+MAX_AVGALL,torch.Size([1536]),1,12,0,78.26,64.58,92.05,86.02,85.09,45.59,74.8,72.89,74.91,79.09857142857143
333,roberta-base,CLS+AVG-NS_AVGALL,torch.Size([1536]),1,12,0,83.14,79.05,94.09,88.17,87.5,49.05,80.78,74.29,79.50874999999999,83.86
334,roberta-base,CLS+SUM-NS_AVGALL,torch.Size([1536]),1,12,0,83.79,87.52,94.81,87.93,89.11,48.23,85.62,69.16,80.77125,85.41999999999999
335,roberta-base,CLS+MAX-NS_AVGALL,torch.Size([1536]),1,12,0,78.37,64.7,92.08,86.35,86.01,45.96,74.21,73.4,75.13499999999999,79.30285714285715
336,roberta-base,DY3_AVGALL,torch.Size([2304]),1,12,0,84.28,86.93,95.07,89.17,88.19,50.05,87.07,70.68,81.43,85.91285714285716
337,roberta-base,DY3-NS_AVGALL,torch.Size([2304]),1,12,0,84.31,87.19,95.04,88.93,87.04,50.05,87.34,70.51,81.30125000000001,85.76571428571428
338,roberta-base,DY5_AVGALL,torch.Size([3840]),1,12,0,84.7,86.95,95.38,88.69,87.84,47.96,89.1,70.83,81.43124999999999,86.21285714285715
339,roberta-base,DY5-NS_AVGALL,torch.Size([3840]),1,12,0,84.61,87.53,95.32,68.77,87.96,48.14,88.94,70.44,78.96375,83.36714285714285
340,deberta-base,CLS_LYR-7,torch.Size([768]),1,12,0,51.29,63.76,57.16,68.77,50.92,26.25,23.4,67.54,51.13625,54.69142857142857
341,deberta-base,AVG_LYR-7,torch.Size([768]),1,12,0,84.49,87.46,94.78,90.42,89.91,50.59,85.4,75.22,82.28375000000001,86.81142857142858
342,deberta-base,SUM_LYR-7,torch.Size([768]),1,12,0,84.0,88.16,94.92,90.37,89.45,46.68,87.91,69.55,81.38,86.33714285714284
343,deberta-base,MAX_LYR-7,torch.Size([768]),1,12,0,81.12,75.29,92.45,89.74,85.78,47.5,82.61,74.48,78.62125,83.06714285714285
344,deberta-base,AVG-NS_LYR-7,torch.Size([768]),1,12,0,84.52,87.16,94.81,90.75,90.02,50.5,85.16,75.27,82.27374999999999,86.81285714285714
345,deberta-base,SUM-NS_LYR-7,torch.Size([768]),1,12,0,84.05,88.09,94.9,90.5,89.45,46.59,87.71,69.43,81.34,86.3042857142857
346,deberta-base,MAX-NS_LYR-7,torch.Size([768]),1,12,0,81.13,75.28,92.45,89.92,85.78,47.5,82.45,74.48,78.62375000000002,83.07000000000001
347,deberta-base,CLS+AVG_LYR-7,torch.Size([1536]),1,12,0,84.51,88.25,94.82,90.5,90.02,50.32,85.09,74.98,82.31125,86.88142857142857
348,deberta-base,CLS+SUM_LYR-7,torch.Size([1536]),1,12,0,84.84,89.22,95.34,90.35,90.25,48.23,87.95,71.71,82.23625000000001,87.09428571428573
349,deberta-base,CLS+MAX_LYR-7,torch.Size([1536]),1,12,0,81.31,79.17,92.36,89.34,86.35,45.78,83.68,74.07,79.0075,83.75428571428571
350,deberta-base,CLS+AVG-NS_LYR-7,torch.Size([1536]),1,12,0,84.54,88.21,94.8,90.82,89.91,50.5,85.44,74.98,82.4,86.95714285714287
351,deberta-base,CLS+SUM-NS_LYR-7,torch.Size([1536]),1,12,0,84.84,89.31,95.33,90.55,90.14,47.77,88.1,71.44,82.185,87.10142857142857
352,deberta-base,CLS+MAX-NS_LYR-7,torch.Size([1536]),1,12,0,81.31,79.14,92.36,89.61,86.35,45.78,83.68,74.07,79.0375,83.78857142857143
353,deberta-base,DY3_LYR-7,torch.Size([2304]),1,12,0,85.07,89.35,95.67,90.8,88.76,51.77,89.14,71.79,82.79374999999999,87.22571428571428
354,deberta-base,DY3-NS_LYR-7,torch.Size([2304]),1,12,0,84.95,89.66,95.66,68.77,88.88,51.59,89.42,71.22,80.01875,84.08
355,deberta-base,DY5_LYR-7,torch.Size([3840]),1,12,0,85.0,89.95,95.83,68.77,88.53,51.59,90.66,71.1,80.17875,84.26285714285713
356,deberta-base,DY5-NS_LYR-7,torch.Size([3840]),1,12,0,85.09,89.74,95.82,68.77,49.08,51.14,90.46,71.27,75.17124999999999,78.6042857142857
357,deberta-base,CLS_LYR-8,torch.Size([768]),1,12,0,52.09,63.76,54.12,68.77,50.92,26.25,23.83,67.54,50.910000000000004,54.432857142857145
358,deberta-base,AVG_LYR-8,torch.Size([768]),1,12,0,86.02,89.13,95.05,90.35,91.4,51.77,85.66,75.69,83.13374999999999,87.61428571428571
359,deberta-base,SUM_LYR-8,torch.Size([768]),1,12,0,84.81,89.55,94.83,90.08,90.83,49.68,87.25,69.8,82.10374999999999,86.73571428571427
360,deberta-base,MAX_LYR-8,torch.Size([768]),1,12,0,82.86,75.99,93.25,89.25,86.58,47.14,83.42,75.34,79.22875,83.81285714285715
361,deberta-base,AVG-NS_LYR-8,torch.Size([768]),1,12,0,85.95,89.23,95.08,90.64,91.63,51.77,85.84,76.18,83.28999999999999,87.79285714285713
362,deberta-base,SUM-NS_LYR-8,torch.Size([768]),1,12,0,84.85,89.54,94.81,90.17,90.71,49.5,87.51,69.9,82.12375,86.78428571428572
363,deberta-base,MAX-NS_LYR-8,torch.Size([768]),1,12,0,82.87,76.17,93.26,89.46,86.58,47.14,83.44,75.34,79.2825,83.87428571428572
364,deberta-base,CLS+AVG_LYR-8,torch.Size([1536]),1,12,0,86.04,89.62,95.11,90.3,91.4,51.59,85.75,75.22,83.12875000000001,87.63428571428572
365,deberta-base,CLS+SUM_LYR-8,torch.Size([1536]),1,12,0,85.88,90.41,95.46,89.97,91.17,50.32,87.88,71.76,82.85625,87.50428571428571
366,deberta-base,CLS+MAX_LYR-8,torch.Size([1536]),1,12,0,83.01,80.44,93.09,89.07,87.39,47.68,83.46,74.26,79.8,84.38857142857141
367,deberta-base,CLS+AVG-NS_LYR-8,torch.Size([1536]),1,12,0,86.04,89.68,95.14,90.63,91.63,51.5,86.02,75.17,83.22625,87.75857142857141
368,deberta-base,CLS+SUM-NS_LYR-8,torch.Size([1536]),1,12,0,85.86,90.32,95.5,90.1,91.28,49.77,87.97,71.79,82.82374999999999,87.54571428571428
369,deberta-base,CLS+MAX-NS_LYR-8,torch.Size([1536]),1,12,0,83.06,80.46,93.08,89.27,87.39,47.68,83.35,74.36,79.83125,84.4242857142857
370,deberta-base,DY3_LYR-8,torch.Size([2304]),1,12,0,86.4,90.99,95.82,90.59,90.83,52.04,88.63,72.15,83.43124999999999,87.91571428571429
371,deberta-base,DY3-NS_LYR-8,torch.Size([2304]),1,12,0,86.47,90.97,95.84,68.77,91.4,52.59,89.21,72.18,80.92875000000001,84.97714285714285
372,deberta-base,DY5_LYR-8,torch.Size([3840]),1,12,0,86.5,90.97,96.04,68.77,90.71,53.32,90.33,71.93,81.07124999999999,85.03571428571429
373,deberta-base,DY5-NS_LYR-8,torch.Size([3840]),1,12,0,86.44,91.17,96.05,68.77,49.08,51.5,90.0,71.84,75.60625,79.05
374,deberta-base,CLS_LYR-9,torch.Size([768]),1,12,0,79.49,63.76,87.24,68.77,80.73,26.25,27.37,67.54,62.643750000000004,67.84285714285714
375,deberta-base,AVG_LYR-9,torch.Size([768]),1,12,0,86.7,89.43,95.05,90.24,90.94,51.86,84.9,75.12,83.03,87.48285714285714
376,deberta-base,SUM_LYR-9,torch.Size([768]),1,12,0,86.21,89.95,95.09,90.11,91.17,49.59,87.23,70.12,82.43375,87.12571428571428
377,deberta-base,MAX_LYR-9,torch.Size([768]),1,12,0,83.76,71.78,92.68,89.06,88.3,47.68,79.7,74.95,78.48875000000001,82.89
378,deberta-base,AVG-NS_LYR-9,torch.Size([768]),1,12,0,86.77,89.58,95.06,90.47,90.83,51.5,85.01,75.34,83.07000000000001,87.58000000000001
379,deberta-base,SUM-NS_LYR-9,torch.Size([768]),1,12,0,86.15,89.98,95.1,90.22,91.17,49.59,87.18,70.17,82.44500000000001,87.13857142857144
380,deberta-base,MAX-NS_LYR-9,torch.Size([768]),1,12,0,83.78,71.79,92.7,89.16,88.3,47.77,79.38,75.12,78.49999999999999,82.89
381,deberta-base,CLS+AVG_LYR-9,torch.Size([1536]),1,12,0,86.66,90.04,95.06,90.2,90.94,51.95,84.68,75.27,83.1,87.54999999999998
382,deberta-base,CLS+SUM_LYR-9,torch.Size([1536]),1,12,0,86.77,91.29,95.81,90.06,91.4,52.95,87.49,70.09,83.2325,87.55857142857144
383,deberta-base,CLS+MAX_LYR-9,torch.Size([1536]),1,12,0,83.97,81.81,92.57,88.71,88.19,47.77,80.01,75.34,79.79625,84.37142857142858
384,deberta-base,CLS+AVG-NS_LYR-9,torch.Size([1536]),1,12,0,86.68,89.98,95.07,90.55,91.06,52.04,84.83,75.39,83.2,87.65142857142858
385,deberta-base,CLS+SUM-NS_LYR-9,torch.Size([1536]),1,12,0,86.77,91.28,95.79,90.21,91.4,52.04,87.55,70.41,83.18125,87.63
386,deberta-base,CLS+MAX-NS_LYR-9,torch.Size([1536]),1,12,0,83.99,82.01,92.56,88.89,88.19,47.77,80.01,75.32,79.8425,84.42428571428572
387,deberta-base,DY3_LYR-9,torch.Size([2304]),1,12,0,87.48,91.09,95.69,90.48,90.71,53.13,88.46,72.52,83.695,88.06142857142856
388,deberta-base,DY3-NS_LYR-9,torch.Size([2304]),1,12,0,87.42,90.99,95.73,68.77,91.86,53.5,88.63,72.08,81.1225,85.06857142857143
389,deberta-base,DY5_LYR-9,torch.Size([3840]),1,12,0,87.55,91.41,96.09,68.77,91.17,52.68,89.56,71.96,81.14875,85.21571428571428
390,deberta-base,DY5-NS_LYR-9,torch.Size([3840]),1,12,0,87.52,91.39,96.1,68.77,49.08,52.23,89.54,71.61,75.78,79.14428571428572
391,deberta-base,CLS_LYR-10,torch.Size([768]),1,12,0,63.07,63.76,62.58,68.77,50.92,26.25,24.56,67.54,53.431250000000006,57.314285714285724
392,deberta-base,AVG_LYR-10,torch.Size([768]),1,12,0,87.25,90.09,95.04,90.04,91.17,52.86,83.25,75.0,83.0875,87.4057142857143
393,deberta-base,SUM_LYR-10,torch.Size([768]),1,12,0,86.48,89.69,94.9,89.89,91.74,49.41,86.13,69.87,82.26375,86.95714285714287
394,deberta-base,MAX_LYR-10,torch.Size([768]),1,12,0,84.65,76.39,92.75,89.18,88.42,48.86,78.54,74.26,79.13125000000001,83.4557142857143
395,deberta-base,AVG-NS_LYR-10,torch.Size([768]),1,12,0,87.26,90.09,95.09,90.41,91.06,52.77,83.14,75.25,83.13375,87.47142857142858
396,deberta-base,SUM-NS_LYR-10,torch.Size([768]),1,12,0,86.4,89.85,94.88,90.09,91.63,48.32,86.21,69.6,82.1225,86.95142857142858
397,deberta-base,MAX-NS_LYR-10,torch.Size([768]),1,12,0,84.64,76.4,92.76,89.46,88.42,48.86,78.6,74.26,79.175,83.50571428571428
398,deberta-base,CLS+AVG_LYR-10,torch.Size([1536]),1,12,0,87.28,90.44,95.1,89.95,91.4,52.41,83.16,74.66,83.04999999999998,87.42714285714284
399,deberta-base,CLS+SUM_LYR-10,torch.Size([1536]),1,12,0,87.21,91.29,95.64,89.81,92.09,50.5,85.88,69.6,82.7525,87.36
400,deberta-base,CLS+MAX_LYR-10,torch.Size([1536]),1,12,0,84.71,82.24,92.98,89.04,88.99,48.23,78.54,74.14,79.85875,84.37714285714286
401,deberta-base,CLS+AVG-NS_LYR-10,torch.Size([1536]),1,12,0,87.22,90.57,95.12,90.37,91.17,52.41,83.25,74.9,83.12625,87.51428571428572
402,deberta-base,CLS+SUM-NS_LYR-10,torch.Size([1536]),1,12,0,87.17,91.28,95.64,90.05,91.86,50.5,86.08,71.47,83.00625000000001,87.65
403,deberta-base,CLS+MAX-NS_LYR-10,torch.Size([1536]),1,12,0,84.7,82.27,92.98,89.25,88.99,48.23,78.43,74.14,79.87375,84.39428571428572
404,deberta-base,DY3_LYR-10,torch.Size([2304]),1,12,0,87.9,91.32,95.92,90.39,91.17,53.22,87.27,72.28,83.68374999999999,88.03571428571429
405,deberta-base,DY3-NS_LYR-10,torch.Size([2304]),1,12,0,87.93,91.41,95.85,68.77,91.4,53.5,87.55,71.86,81.03375,84.96714285714286
406,deberta-base,DY5_LYR-10,torch.Size([3840]),1,12,0,88.09,92.29,96.17,68.77,91.17,52.13,88.54,71.96,81.14,85.28428571428572
407,deberta-base,DY5-NS_LYR-10,torch.Size([3840]),1,12,0,88.03,91.92,96.0,68.77,49.08,52.77,88.22,71.76,75.81875,79.11142857142856
408,deberta-base,CLS_LYR-11,torch.Size([768]),1,12,0,77.55,63.76,87.42,71.8,82.68,38.15,37.82,68.16,65.9175,69.88428571428572
409,deberta-base,AVG_LYR-11,torch.Size([768]),1,12,0,86.79,88.71,94.76,89.02,90.94,51.95,80.43,73.48,82.00999999999999,86.30428571428571
410,deberta-base,SUM_LYR-11,torch.Size([768]),1,12,0,87.17,89.03,94.85,89.61,91.51,47.59,84.78,69.9,81.80499999999999,86.69285714285714
411,deberta-base,MAX_LYR-11,torch.Size([768]),1,12,0,82.01,65.88,91.85,87.63,87.27,44.87,73.79,73.94,75.905,80.33857142857143
412,deberta-base,AVG-NS_LYR-11,torch.Size([768]),1,12,0,86.86,88.78,94.8,89.81,90.83,51.95,79.9,74.04,82.12124999999999,86.43142857142857
413,deberta-base,SUM-NS_LYR-11,torch.Size([768]),1,12,0,86.98,88.96,94.89,89.8,91.63,47.96,84.94,69.87,81.87875,86.72428571428573
414,deberta-base,MAX-NS_LYR-11,torch.Size([768]),1,12,0,82.05,66.03,91.78,88.13,87.27,44.87,73.84,73.9,75.98375,80.42857142857143
415,deberta-base,CLS+AVG_LYR-11,torch.Size([1536]),1,12,0,86.78,88.93,94.85,89.03,91.17,50.23,80.48,73.82,81.91125,86.43714285714285
416,deberta-base,CLS+SUM_LYR-11,torch.Size([1536]),1,12,0,87.41,90.69,95.46,89.36,92.55,49.95,85.07,69.48,82.49625,87.14571428571428
417,deberta-base,CLS+MAX_LYR-11,torch.Size([1536]),1,12,0,82.6,73.38,92.32,87.41,88.3,44.6,74.54,73.99,77.1425,81.79142857142857
418,deberta-base,CLS+AVG-NS_LYR-11,torch.Size([1536]),1,12,0,86.81,89.1,94.89,89.64,90.94,50.41,80.72,74.17,82.085,86.61
419,deberta-base,CLS+SUM-NS_LYR-11,torch.Size([1536]),1,12,0,87.36,90.53,95.44,89.58,92.55,50.05,85.09,69.26,82.4825,87.11571428571428
420,deberta-base,CLS+MAX-NS_LYR-11,torch.Size([1536]),1,12,0,82.64,73.72,92.34,87.66,88.19,44.5,74.76,73.87,77.21000000000001,81.88285714285715
421,deberta-base,DY3_LYR-11,torch.Size([2304]),1,12,0,87.62,89.84,95.58,89.99,90.48,52.86,85.88,71.34,82.94875,87.24714285714288
422,deberta-base,DY3-NS_LYR-11,torch.Size([2304]),1,12,0,87.65,89.98,95.56,68.77,90.83,52.95,86.43,71.2,80.42125,84.3457142857143
423,deberta-base,DY5_LYR-11,torch.Size([3840]),1,12,0,87.93,90.83,95.82,68.77,90.6,51.68,87.23,71.66,80.56499999999998,84.69142857142856
424,deberta-base,DY5-NS_LYR-11,torch.Size([3840]),1,12,0,87.8,90.62,95.74,68.77,49.08,51.41,87.47,71.42,75.28875,78.7
425,deberta-base,CLS_LYR-12,torch.Size([768]),1,12,0,72.38,63.76,83.7,71.97,79.13,34.6,37.75,67.59,63.86,68.03999999999999
426,deberta-base,AVG_LYR-12,torch.Size([768]),1,12,0,85.03,82.9,93.76,83.59,91.06,48.41,76.06,71.47,79.035,83.41
427,deberta-base,SUM_LYR-12,torch.Size([768]),1,12,0,83.62,83.99,93.52,86.15,90.25,45.05,80.98,67.27,78.85374999999999,83.68285714285715
428,deberta-base,MAX_LYR-12,torch.Size([768]),1,12,0,76.05,63.88,88.62,82.87,84.17,41.69,69.79,66.71,71.72250000000001,76.01285714285714
429,deberta-base,AVG-NS_LYR-12,torch.Size([768]),1,12,0,85.19,82.73,93.82,86.34,90.94,48.14,77.18,71.49,79.47875,83.9557142857143
430,deberta-base,SUM-NS_LYR-12,torch.Size([768]),1,12,0,83.65,84.33,93.58,86.7,90.6,44.87,80.89,66.56,78.89750000000001,83.75857142857141
431,deberta-base,MAX-NS_LYR-12,torch.Size([768]),1,12,0,76.21,63.87,88.52,83.63,84.17,41.69,70.08,66.71,71.86,76.16999999999999
432,deberta-base,CLS+AVG_LYR-12,torch.Size([1536]),1,12,0,85.03,83.61,93.91,84.21,91.28,48.86,76.12,71.88,79.3625,83.72
433,deberta-base,CLS+SUM_LYR-12,torch.Size([1536]),1,12,0,84.61,85.56,94.29,85.9,90.83,46.14,82.56,67.66,79.69375,84.48714285714286
434,deberta-base,CLS+MAX_LYR-12,torch.Size([1536]),1,12,0,78.16,65.61,89.93,81.3,85.55,43.87,70.12,67.84,72.7975,76.92999999999999
435,deberta-base,CLS+AVG-NS_LYR-12,torch.Size([1536]),1,12,0,85.1,84.18,93.94,86.65,91.63,48.32,76.41,71.71,79.7425,84.23142857142857
436,deberta-base,CLS+SUM-NS_LYR-12,torch.Size([1536]),1,12,0,84.65,85.75,94.33,86.94,90.94,47.41,82.5,67.84,80.045,84.70714285714287
437,deberta-base,CLS+MAX-NS_LYR-12,torch.Size([1536]),1,12,0,78.26,65.62,89.98,82.34,85.55,43.87,69.5,67.79,72.86375000000001,77.00571428571429
438,deberta-base,DY3_LYR-12,torch.Size([2304]),1,12,0,85.75,85.99,94.4,86.99,88.88,48.14,82.24,70.29,80.335,84.9342857142857
439,deberta-base,DY3-NS_LYR-12,torch.Size([2304]),1,12,0,85.72,85.94,94.38,68.77,88.99,48.32,83.46,70.29,78.23374999999999,82.50714285714285
440,deberta-base,DY5_LYR-12,torch.Size([3840]),1,12,0,85.66,87.27,94.62,68.77,89.45,49.77,84.15,70.73,78.8025,82.95
441,deberta-base,DY5-NS_LYR-12,torch.Size([3840]),1,12,0,85.82,86.94,94.68,68.77,49.08,49.32,84.26,70.19,73.6325,77.10571428571428
442,deberta-base,CLS_SUML4L,torch.Size([768]),1,12,0,76.47,63.76,86.95,73.39,83.37,38.6,37.89,68.25,66.08500000000001,70.01142857142857
443,deberta-base,AVG_SUML4L,torch.Size([768]),1,12,0,87.61,90.11,95.62,90.36,91.4,52.32,84.79,74.14,83.29375,87.71857142857142
444,deberta-base,SUM_SUML4L,torch.Size([768]),1,12,0,84.03,87.94,94.26,89.41,91.74,44.32,83.51,68.18,80.42375000000001,85.58142857142856
445,deberta-base,MAX_SUML4L,torch.Size([768]),1,12,0,82.94,63.8,92.37,88.93,87.5,44.41,81.2,66.12,75.90875000000001,80.40857142857143
446,deberta-base,AVG-NS_SUML4L,torch.Size([768]),1,12,0,87.56,90.03,95.57,90.7,91.4,52.5,84.98,73.45,83.27375,87.67
447,deberta-base,SUM-NS_SUML4L,torch.Size([768]),1,12,0,84.11,88.01,94.23,89.56,92.09,43.87,83.45,68.03,80.41875,85.64
448,deberta-base,MAX-NS_SUML4L,torch.Size([768]),1,12,0,82.73,63.82,92.4,89.2,87.5,44.6,81.02,66.02,75.91125000000001,80.38428571428572
449,deberta-base,CLS+AVG_SUML4L,torch.Size([1536]),1,12,0,87.57,90.42,95.7,90.22,91.4,52.77,84.65,74.95,83.46,87.8442857142857
450,deberta-base,CLS+SUM_SUML4L,torch.Size([1536]),1,12,0,84.68,89.14,94.83,89.51,91.74,46.87,83.95,68.43,81.14375000000001,86.03999999999999
451,deberta-base,CLS+MAX_SUML4L,torch.Size([1536]),1,12,0,83.73,77.91,93.31,88.67,88.53,45.96,80.96,69.26,78.54124999999999,83.19571428571429
452,deberta-base,CLS+AVG-NS_SUML4L,torch.Size([1536]),1,12,0,87.57,90.55,95.71,90.55,91.51,52.95,84.5,75.1,83.55499999999999,87.92714285714285
453,deberta-base,CLS+SUM-NS_SUML4L,torch.Size([1536]),1,12,0,84.79,89.15,94.78,89.68,91.86,46.41,84.1,68.45,81.15250000000002,86.11571428571429
454,deberta-base,CLS+MAX-NS_SUML4L,torch.Size([1536]),1,12,0,83.67,78.32,93.27,88.94,88.65,45.87,81.71,69.23,78.70750000000001,83.39857142857144
455,deberta-base,DY3_SUML4L,torch.Size([2304]),1,12,0,87.9,91.02,96.07,90.56,90.83,51.95,87.86,72.03,83.52749999999999,88.03857142857143
456,deberta-base,DY3-NS_SUML4L,torch.Size([2304]),1,12,0,87.95,91.12,96.04,68.77,90.83,52.86,87.8,72.06,80.92875000000001,84.93857142857142
457,deberta-base,DY5_SUML4L,torch.Size([3840]),1,12,0,87.77,91.78,96.16,68.77,90.71,50.5,89.01,70.44,80.64250000000001,84.94857142857144
458,deberta-base,DY5-NS_SUML4L,torch.Size([3840]),1,12,0,87.61,91.42,95.94,68.77,49.08,50.95,88.79,70.53,75.38624999999999,78.87714285714286
459,deberta-base,CLS_AVGL4L,torch.Size([768]),1,12,0,70.76,63.76,79.76,69.59,80.96,35.97,34.92,67.74,62.9325,66.78428571428572
460,deberta-base,AVG_AVGL4L,torch.Size([768]),1,12,0,86.72,88.05,94.78,89.48,90.71,51.95,81.16,73.75,82.07499999999999,86.37857142857142
461,deberta-base,SUM_AVGL4L,torch.Size([768]),1,12,0,86.75,89.43,95.1,89.75,92.09,47.14,85.23,68.74,81.77875,86.72714285714287
462,deberta-base,MAX_AVGL4L,torch.Size([768]),1,12,0,83.1,65.01,92.28,88.17,87.16,44.69,75.44,74.36,76.27625,80.78857142857143
463,deberta-base,AVG-NS_AVGL4L,torch.Size([768]),1,12,0,86.77,88.12,94.85,90.09,90.94,52.13,81.75,73.82,82.30875,86.61999999999999
464,deberta-base,SUM-NS_AVGL4L,torch.Size([768]),1,12,0,86.77,89.42,95.06,89.96,92.43,47.41,85.23,68.5,81.8475,86.76714285714286
465,deberta-base,MAX-NS_AVGL4L,torch.Size([768]),1,12,0,83.16,65.06,92.27,88.49,87.27,44.78,75.24,74.34,76.32625,80.83285714285715
466,deberta-base,CLS+AVG_AVGL4L,torch.Size([1536]),1,12,0,86.6,89.15,94.77,89.37,90.83,51.04,81.38,73.85,82.12375,86.5642857142857
467,deberta-base,CLS+SUM_AVGL4L,torch.Size([1536]),1,12,0,87.11,90.68,95.76,89.48,92.55,50.05,85.05,68.65,82.41625,87.03999999999999
468,deberta-base,CLS+MAX_AVGL4L,torch.Size([1536]),1,12,0,83.2,69.91,92.63,87.25,87.5,46.05,76.34,73.72,77.075,81.50714285714287
469,deberta-base,CLS+AVG-NS_AVGL4L,torch.Size([1536]),1,12,0,86.64,89.44,94.79,90.07,90.94,51.23,81.79,73.94,82.35499999999999,86.80142857142856
470,deberta-base,CLS+SUM-NS_AVGL4L,torch.Size([1536]),1,12,0,87.13,90.7,95.8,89.71,92.43,50.05,85.38,68.6,82.47500000000001,87.10714285714286
471,deberta-base,CLS+MAX-NS_AVGL4L,torch.Size([1536]),1,12,0,83.25,69.78,92.62,87.72,87.5,46.14,76.32,73.68,77.12625,81.55285714285715
472,deberta-base,DY3_AVGL4L,torch.Size([2304]),1,12,0,87.69,90.32,95.66,90.3,90.37,53.13,86.52,72.13,83.265,87.57000000000001
473,deberta-base,DY3-NS_AVGL4L,torch.Size([2304]),1,12,0,87.62,90.03,95.75,68.77,90.48,52.77,86.63,71.84,80.48625,84.44571428571429
474,deberta-base,DY5_AVGL4L,torch.Size([3840]),1,12,0,87.99,90.93,96.01,68.77,90.83,51.41,88.0,71.61,80.69375,84.87714285714286
475,deberta-base,DY5-NS_AVGL4L,torch.Size([3840]),1,12,0,87.79,91.01,95.9,68.77,49.08,51.95,87.67,71.17,75.41749999999999,78.77
476,deberta-base,CLS_SUMALL,torch.Size([768]),1,12,0,72.68,63.87,80.39,72.28,83.72,37.24,35.27,67.86,64.16375000000001,68.01
477,deberta-base,AVG_SUMALL,torch.Size([768]),1,12,0,86.05,89.11,95.59,90.97,90.94,48.77,87.78,71.79,82.625,87.46142857142857
478,deberta-base,SUM_SUMALL,torch.Size([768]),1,12,0,81.12,86.02,93.91,88.84,90.37,43.05,83.88,68.99,79.52250000000001,84.73285714285714
479,deberta-base,MAX_SUMALL,torch.Size([768]),1,12,0,79.11,70.4,91.9,89.04,86.35,36.42,82.92,64.55,75.08624999999999,80.61
480,deberta-base,AVG-NS_SUMALL,torch.Size([768]),1,12,0,86.06,89.3,95.61,90.89,90.94,49.14,87.56,71.71,82.65125,87.43857142857144
481,deberta-base,SUM-NS_SUMALL,torch.Size([768]),1,12,0,81.09,85.96,93.91,88.91,90.71,41.87,83.79,68.69,79.36625000000001,84.72285714285714
482,deberta-base,MAX-NS_SUMALL,torch.Size([768]),1,12,0,79.05,70.58,91.88,89.39,86.24,36.33,83.25,64.6,75.165,80.71285714285715
483,deberta-base,CLS+AVG_SUMALL,torch.Size([1536]),1,12,0,86.45,90.14,95.91,90.85,91.17,50.32,87.55,69.31,82.7125,87.34000000000002
484,deberta-base,CLS+SUM_SUMALL,torch.Size([1536]),1,12,0,82.46,86.76,94.28,89.04,90.71,43.51,84.5,68.89,80.01875,85.23428571428572
485,deberta-base,CLS+MAX_SUMALL,torch.Size([1536]),1,12,0,79.72,64.98,92.45,89.33,86.35,43.6,83.11,66.1,75.705,80.29142857142857
486,deberta-base,CLS+AVG-NS_SUMALL,torch.Size([1536]),1,12,0,86.42,90.16,95.92,91.02,90.94,51.04,87.58,69.16,82.78,87.3142857142857
487,deberta-base,CLS+SUM-NS_SUMALL,torch.Size([1536]),1,12,0,82.34,86.93,94.33,89.24,90.71,44.32,84.3,68.5,80.08375,85.19285714285715
488,deberta-base,CLS+MAX-NS_SUMALL,torch.Size([1536]),1,12,0,79.74,64.88,92.41,89.66,86.35,44.05,83.45,66.07,75.82624999999999,80.36571428571428
489,deberta-base,DY3_SUMALL,torch.Size([2304]),1,12,0,85.98,89.58,95.76,90.36,90.37,50.14,89.76,69.73,82.71000000000001,87.36285714285715
490,deberta-base,DY3-NS_SUMALL,torch.Size([2304]),1,12,0,85.82,89.74,95.73,68.77,90.14,49.05,89.91,69.5,79.8325,84.23
491,deberta-base,DY5_SUMALL,torch.Size([3840]),1,12,0,85.3,88.78,95.55,68.77,89.91,49.41,90.06,69.63,79.67625,83.99999999999999
492,deberta-base,DY5-NS_SUMALL,torch.Size([3840]),1,12,0,84.99,88.72,95.47,68.77,49.08,47.87,89.75,68.77,74.17749999999998,77.93571428571428
493,deberta-base,CLS_AVGALL,torch.Size([768]),1,12,0,67.16,63.76,73.92,68.77,76.03,29.79,33.12,67.54,60.011250000000004,64.32857142857144
494,deberta-base,AVG_AVGALL,torch.Size([768]),1,12,0,84.79,85.6,94.5,90.7,90.37,50.23,83.38,74.29,81.73249999999999,86.23285714285713
495,deberta-base,SUM_AVGALL,torch.Size([768]),1,12,0,85.34,87.8,95.22,91.0,90.83,48.68,87.6,69.33,81.97500000000001,86.73142857142857
496,deberta-base,MAX_AVGALL,torch.Size([768]),1,12,0,80.47,64.76,92.37,89.66,86.01,44.5,79.42,74.44,76.45374999999999,81.01857142857143
497,deberta-base,AVG-NS_AVGALL,torch.Size([768]),1,12,0,84.74,84.91,94.51,91.06,90.02,50.32,84.12,74.8,81.80999999999999,86.30857142857141
498,deberta-base,SUM-NS_AVGALL,torch.Size([768]),1,12,0,85.42,87.73,95.22,91.12,90.83,48.41,87.45,69.63,81.97625000000001,86.77142857142857
499,deberta-base,MAX-NS_AVGALL,torch.Size([768]),1,12,0,80.48,64.84,92.38,89.9,86.24,44.5,78.89,74.44,76.45875000000001,81.02428571428572
500,deberta-base,CLS+AVG_AVGALL,torch.Size([1536]),1,12,0,84.82,85.66,94.4,90.63,90.94,49.59,83.53,74.56,81.76624999999999,86.36285714285714
501,deberta-base,CLS+SUM_AVGALL,torch.Size([1536]),1,12,0,86.16,89.86,95.71,90.68,91.74,49.68,87.58,69.46,82.60875,87.31285714285715
502,deberta-base,CLS+MAX_AVGALL,torch.Size([1536]),1,12,0,80.47,73.88,92.5,89.34,86.35,45.96,78.81,73.75,77.6325,82.15714285714284
503,deberta-base,CLS+AVG-NS_AVGALL,torch.Size([1536]),1,12,0,84.89,86.12,94.44,91.03,90.6,49.68,84.28,74.39,81.92875000000001,86.53571428571429
504,deberta-base,CLS+SUM-NS_AVGALL,torch.Size([1536]),1,12,0,86.12,89.85,95.72,90.9,91.28,49.5,87.69,69.68,82.5925,87.32000000000001
505,deberta-base,CLS+MAX-NS_AVGALL,torch.Size([1536]),1,12,0,80.51,73.91,92.5,89.54,86.47,45.96,78.81,73.63,77.66625,82.1957142857143
506,deberta-base,DY3_AVGALL,torch.Size([2304]),1,12,0,85.63,88.1,95.42,90.94,87.96,51.14,88.44,70.88,82.31374999999998,86.76714285714286
507,deberta-base,DY3-NS_AVGALL,torch.Size([2304]),1,12,0,85.61,88.31,95.45,68.77,89.11,51.41,88.65,70.63,79.74249999999999,83.78999999999999
508,deberta-base,DY5_AVGALL,torch.Size([3840]),1,12,0,85.95,89.19,95.72,68.77,88.65,50.86,89.76,71.03,79.99125,84.15285714285713
509,deberta-base,DY5-NS_AVGALL,torch.Size([3840]),1,12,0,85.8,88.88,95.62,68.77,49.08,49.86,89.47,71.03,74.81375,78.37857142857142
