,Modelo,Pooling,epochs,qtd_layers,STS12,STS13,STS14,STS15,STS16,STSBenchmark,SICKRelatedness,Avg
0,bert-base-uncased,_cls_layer_1,1,12,0.18132005364443887,0.08641869848957778,0.11179417661763834,0.10757554808550303,0.09442792368912496,,,0.1163072801052566
1,bert-base-uncased,_mean_pooling_1,1,12,0.4279066992414954,0.2795770856662453,0.4233948256309852,0.4441744700471798,0.4615784909947361,,,0.40732631431612837
2,bert-base-uncased,_mean_pooling_no_cls_and_sep_1,1,12,0.4279066992414954,0.2795770856662453,0.4233948256309852,0.4441744700471798,0.4615784909947361,,,0.40732631431612837
3,bert-base-uncased,_concat_cls_layer_with_mean_pooling_1,1,12,0.473182061108821,0.2811613067729794,0.4461995713084253,0.452738166705827,0.43197933251286474,,,0.4170520876817835
4,bert-base-uncased,_concat_cls_layer_with_mean_pooling_no_cls_and_sep_1,1,12,0.473182061108821,0.2811613067729794,0.4461995713084253,0.452738166705827,0.43197933251286474,,,0.4170520876817835
5,bert-base-uncased,_concat_3_tokens_mean_pooling_1,1,12,0.3714758797971811,0.17991032021379214,0.3258905645908611,0.3764550819343052,0.3254363751177664,,,0.3158336443307812
6,bert-base-uncased,_concat_5_tokens_mean_pooling_1,1,12,0.3215980687279649,0.14736266706407816,0.27375389060930394,0.3001393274886965,0.27580066455170427,,,0.2637309236883496
7,bert-base-uncased,_concat_3_tokens_mean_pooling_no_cls_and_sep_1,1,12,0.3714758797971811,0.17991032021379214,0.3258905645908611,0.3764550819343052,0.3254363751177664,,,0.3158336443307812
8,bert-base-uncased,_concat_5_tokens_mean_pooling_no_cls_and_sep_1,1,12,0.3215980687279649,0.14736266706407816,0.27375389060930394,0.3001393274886965,0.27580066455170427,,,0.2637309236883496
9,bert-base-uncased,_cls_layer_2,1,12,0.28347103242743665,0.15228164088333992,0.19045163133826434,0.19466073339740497,0.22723563502324035,,,0.20962013461393725
10,bert-base-uncased,_mean_pooling_2,1,12,0.4634872452296649,0.2965398414101132,0.4589117841157648,0.4866656770684372,0.4708952954784117,,,0.4352999686604783
11,bert-base-uncased,_mean_pooling_no_cls_and_sep_2,1,12,0.4634872452296649,0.2965398414101132,0.4589117841157648,0.4866656770684372,0.4708952954784117,,,0.4352999686604783
12,bert-base-uncased,_concat_cls_layer_with_mean_pooling_2,1,12,0.4899969965599896,0.3023549688160472,0.4661602487581676,0.489480540793705,0.4455130219120851,,,0.4387011553679988
13,bert-base-uncased,_concat_cls_layer_with_mean_pooling_no_cls_and_sep_2,1,12,0.4899969965599896,0.3023549688160472,0.4661602487581676,0.489480540793705,0.4455130219120851,,,0.4387011553679988
14,bert-base-uncased,_concat_3_tokens_mean_pooling_2,1,12,0.3947745579457859,0.20179276320178582,0.35413431467643214,0.40584463169935514,0.34839643128806974,,,0.3409885397622857
15,bert-base-uncased,_concat_5_tokens_mean_pooling_2,1,12,0.3336762461473852,0.1519205753904761,0.29166265930514207,0.317176169476274,0.30237663332759446,,,0.2793624567293744
16,bert-base-uncased,_concat_3_tokens_mean_pooling_no_cls_and_sep_2,1,12,0.3947745579457859,0.20179276320178582,0.35413431467643214,0.40584463169935514,0.34839643128806974,,,0.3409885397622857
17,bert-base-uncased,_concat_5_tokens_mean_pooling_no_cls_and_sep_2,1,12,0.3336762461473852,0.1519205753904761,0.29166265930514207,0.317176169476274,0.30237663332759446,,,0.2793624567293744
18,bert-base-uncased,_cls_layer_3,1,12,0.2790918371109484,0.1582125619755001,0.16598248472441599,0.15067457318524607,0.19741869233397769,,,0.19027602986601766
19,bert-base-uncased,_mean_pooling_3,1,12,0.43177726176360787,0.2559338753596651,0.41984848454606416,0.45483012739110096,0.4322480007957147,,,0.39892754997123053
20,bert-base-uncased,_mean_pooling_no_cls_and_sep_3,1,12,0.43177726176360787,0.2559338753596651,0.41984848454606416,0.45483012739110096,0.4322480007957147,,,0.39892754997123053
21,bert-base-uncased,_concat_cls_layer_with_mean_pooling_3,1,12,0.4586686059936932,0.2592814679743088,0.41288420700613154,0.4322450159410556,0.3923273574801979,,,0.3910813308790774
22,bert-base-uncased,_concat_cls_layer_with_mean_pooling_no_cls_and_sep_3,1,12,0.4586686059936932,0.2592814679743088,0.41288420700613154,0.4322450159410556,0.3923273574801979,,,0.3910813308790774
23,bert-base-uncased,_concat_3_tokens_mean_pooling_3,1,12,0.3695297229891624,0.16540646556049907,0.3192647592555848,0.37528087398837257,0.31494145763405623,,,0.30888465588553504
24,bert-base-uncased,_concat_5_tokens_mean_pooling_3,1,12,0.3127915698311676,0.12450932383452001,0.2681548830340627,0.29398106538850366,0.28229231425887996,,,0.2563458312694268
25,bert-base-uncased,_concat_3_tokens_mean_pooling_no_cls_and_sep_3,1,12,0.3695297229891624,0.16540646556049907,0.3192647592555848,0.37528087398837257,0.31494145763405623,,,0.30888465588553504
26,bert-base-uncased,_concat_5_tokens_mean_pooling_no_cls_and_sep_3,1,12,0.3127915698311676,0.12450932383452001,0.2681548830340627,0.29398106538850366,0.28229231425887996,,,0.2563458312694268
27,bert-base-uncased,_cls_layer_4,1,12,0.43368636933294935,0.3250374170614773,0.41415981968150484,0.3941179366918951,0.4938869020924971,,,0.4121776889720647
28,bert-base-uncased,_mean_pooling_4,1,12,0.4362352008375132,0.26564234938823983,0.4328527198337188,0.4769332557021033,0.4069139582608057,,,0.40371549680447616
29,bert-base-uncased,_mean_pooling_no_cls_and_sep_4,1,12,0.4362352008375132,0.26564234938823983,0.4328527198337188,0.4769332557021033,0.4069139582608057,,,0.40371549680447616
30,bert-base-uncased,_concat_cls_layer_with_mean_pooling_4,1,12,0.49700662771081355,0.32659080091444304,0.47863738049008986,0.4990615168714532,0.4732008497427609,,,0.4548994351459121
31,bert-base-uncased,_concat_cls_layer_with_mean_pooling_no_cls_and_sep_4,1,12,0.49700662771081355,0.32659080091444304,0.47863738049008986,0.4990615168714532,0.4732008497427609,,,0.4548994351459121
32,bert-base-uncased,_concat_3_tokens_mean_pooling_4,1,12,0.3690878582422491,0.1598640115929378,0.3198154517400204,0.3842592519946824,0.2826451661197164,,,0.30313434793792127
33,bert-base-uncased,_concat_5_tokens_mean_pooling_4,1,12,0.31439240873063623,0.11102168944226903,0.2657187289468808,0.29833181828421973,0.259825763917621,,,0.24985808186432537
34,bert-base-uncased,_concat_3_tokens_mean_pooling_no_cls_and_sep_4,1,12,0.3690878582422491,0.1598640115929378,0.3198154517400204,0.3842592519946824,0.2826451661197164,,,0.30313434793792127
35,bert-base-uncased,_concat_5_tokens_mean_pooling_no_cls_and_sep_4,1,12,0.31439240873063623,0.11102168944226903,0.2657187289468808,0.29833181828421973,0.259825763917621,,,0.24985808186432537
36,bert-base-uncased,_cls_layer_5,1,12,0.39700457947682366,0.30131327301414185,0.3846371962965931,0.3914482387551096,0.5130648675422992,,,0.3974936310169935
37,bert-base-uncased,_mean_pooling_5,1,12,0.47959312791534625,0.345515319532927,0.5035014838780365,0.5501476529355447,0.4815128028235893,,,0.4720540774170887
38,bert-base-uncased,_mean_pooling_no_cls_and_sep_5,1,12,0.47959312791534625,0.345515319532927,0.5035014838780365,0.5501476529355447,0.4815128028235893,,,0.4720540774170887
39,bert-base-uncased,_concat_cls_layer_with_mean_pooling_5,1,12,0.4896053574696828,0.3661470611305518,0.4900382759776056,0.5227689809855349,0.5264526957711191,,,0.47900247426689885
40,bert-base-uncased,_concat_cls_layer_with_mean_pooling_no_cls_and_sep_5,1,12,0.4896053574696828,0.3661470611305518,0.4900382759776056,0.5227689809855349,0.5264526957711191,,,0.47900247426689885
41,bert-base-uncased,_concat_3_tokens_mean_pooling_5,1,12,0.4078102528424935,0.22468756383350427,0.4010980063648872,0.4635761056103848,0.33996324843355324,,,0.36742703541696464
42,bert-base-uncased,_concat_5_tokens_mean_pooling_5,1,12,0.34858506934368316,0.15700727189178978,0.3235295615539155,0.36977247464254515,0.29888632175488306,,,0.2995561398373633
43,bert-base-uncased,_concat_3_tokens_mean_pooling_no_cls_and_sep_5,1,12,0.4078102528424935,0.22468756383350427,0.4010980063648872,0.4635761056103848,0.33996324843355324,,,0.36742703541696464
44,bert-base-uncased,_concat_5_tokens_mean_pooling_no_cls_and_sep_5,1,12,0.34858506934368316,0.15700727189178978,0.3235295615539155,0.36977247464254515,0.29888632175488306,,,0.2995561398373633
45,bert-base-uncased,_cls_layer_6,1,12,0.3438301578554256,0.24710203591287142,0.30151861290919807,0.31118122041997986,0.4571952744690411,,,0.3321654603133032
46,bert-base-uncased,_mean_pooling_6,1,12,0.4520182640857261,0.30120424905305737,0.47056396684067847,0.5259403069252748,0.4716449994433722,,,0.4442743572696218
47,bert-base-uncased,_mean_pooling_no_cls_and_sep_6,1,12,0.4520182640857261,0.30120424905305737,0.47056396684067847,0.5259403069252748,0.4716449994433722,,,0.4442743572696218
48,bert-base-uncased,_concat_cls_layer_with_mean_pooling_6,1,12,0.4450546797643855,0.3078975105230619,0.4276614757816503,0.4518119990072833,0.49002027811241194,,,0.42448918863775864
49,bert-base-uncased,_concat_cls_layer_with_mean_pooling_no_cls_and_sep_6,1,12,0.4450546797643855,0.3078975105230619,0.4276614757816503,0.4518119990072833,0.49002027811241194,,,0.42448918863775864
50,bert-base-uncased,_concat_3_tokens_mean_pooling_6,1,12,0.3842127523101603,0.18616492241800886,0.3722990554272676,0.44081887874880826,0.33929106657152813,,,0.3445573350951546
51,bert-base-uncased,_concat_5_tokens_mean_pooling_6,1,12,0.33306983715117255,0.12857405891763757,0.30235482390578106,0.35656392699835526,0.30425345890035704,,,0.28496322117466066
52,bert-base-uncased,_concat_3_tokens_mean_pooling_no_cls_and_sep_6,1,12,0.3842127523101603,0.18616492241800886,0.3722990554272676,0.44081887874880826,0.33929106657152813,,,0.3445573350951546
53,bert-base-uncased,_concat_5_tokens_mean_pooling_no_cls_and_sep_6,1,12,0.33306983715117255,0.12857405891763757,0.30235482390578106,0.35656392699835526,0.30425345890035704,,,0.28496322117466066
54,bert-base-uncased,_cls_layer_7,1,12,0.2874085237784586,0.18409039927799842,0.2795641055695517,0.31630078914891724,0.3798410695817501,,,0.2894409774713352
55,bert-base-uncased,_mean_pooling_7,1,12,0.4437563735238024,0.2943116645771739,0.4617797585294898,0.529112086759594,0.4835367860827602,,,0.44249933389456403
56,bert-base-uncased,_mean_pooling_no_cls_and_sep_7,1,12,0.4437563735238024,0.2943116645771739,0.4617797585294898,0.529112086759594,0.4835367860827602,,,0.44249933389456403
57,bert-base-uncased,_concat_cls_layer_with_mean_pooling_7,1,12,0.3785670721764727,0.23578043335597054,0.37491940488593106,0.4209274973865784,0.4448297262547526,,,0.3710048268119411
58,bert-base-uncased,_concat_cls_layer_with_mean_pooling_no_cls_and_sep_7,1,12,0.3785670721764727,0.23578043335597054,0.37491940488593106,0.4209274973865784,0.4448297262547526,,,0.3710048268119411
59,bert-base-uncased,_concat_3_tokens_mean_pooling_7,1,12,0.3824192572102611,0.19390808140204852,0.378590158815521,0.45651602916769846,0.3572473363259478,,,0.35373617258429535
60,bert-base-uncased,_concat_5_tokens_mean_pooling_7,1,12,0.3354585976276085,0.1338027609947338,0.3121253182803974,0.3778013042660436,0.3193371549631142,,,0.29570502722637954
61,bert-base-uncased,_concat_3_tokens_mean_pooling_no_cls_and_sep_7,1,12,0.3824192572102611,0.19390808140204852,0.378590158815521,0.45651602916769846,0.3572473363259478,,,0.35373617258429535
62,bert-base-uncased,_concat_5_tokens_mean_pooling_no_cls_and_sep_7,1,12,0.3354585976276085,0.1338027609947338,0.3121253182803974,0.3778013042660436,0.3193371549631142,,,0.29570502722637954
63,bert-base-uncased,_cls_layer_8,1,12,0.256438836570149,0.17146708521448326,0.25311319033634855,0.27047382255047275,0.33670808788101514,,,0.25764020451049374
64,bert-base-uncased,_mean_pooling_8,1,12,0.4189724957790911,0.26976641774920934,0.4500189486571262,0.5030725855295793,0.4667457614947906,,,0.42171524184195935
65,bert-base-uncased,_mean_pooling_no_cls_and_sep_8,1,12,0.4189724957790911,0.26976641774920934,0.4500189486571262,0.5030725855295793,0.4667457614947906,,,0.42171524184195935
66,bert-base-uncased,_concat_cls_layer_with_mean_pooling_8,1,12,0.35758856484600815,0.22091656484737796,0.3677720985298653,0.39794742916602244,0.4139636472138979,,,0.3516376609206343
67,bert-base-uncased,_concat_cls_layer_with_mean_pooling_no_cls_and_sep_8,1,12,0.35758856484600815,0.22091656484737796,0.3677720985298653,0.39794742916602244,0.4139636472138979,,,0.3516376609206343
68,bert-base-uncased,_concat_3_tokens_mean_pooling_8,1,12,0.36105826616008063,0.17007136685153323,0.3548158531428043,0.4312262730491031,0.3408721316444437,,,0.331608778169593
69,bert-base-uncased,_concat_5_tokens_mean_pooling_8,1,12,0.32316038925810375,0.11573372801602837,0.2978104508128121,0.3627140468108337,0.3106568186604948,,,0.28201508671165454
70,bert-base-uncased,_concat_3_tokens_mean_pooling_no_cls_and_sep_8,1,12,0.36105826616008063,0.17007136685153323,0.3548158531428043,0.4312262730491031,0.3408721316444437,,,0.331608778169593
71,bert-base-uncased,_concat_5_tokens_mean_pooling_no_cls_and_sep_8,1,12,0.32316038925810375,0.11573372801602837,0.2978104508128121,0.3627140468108337,0.3106568186604948,,,0.28201508671165454
72,bert-base-uncased,_cls_layer_9,1,12,0.2630514351768644,0.1887675279707006,0.25994437691685696,0.2863853309452623,0.3554506079754908,,,0.270719855797035
73,bert-base-uncased,_mean_pooling_9,1,12,0.3836355515680582,0.24952845783156177,0.44739168393689005,0.5012101233182742,0.46595038809413314,,,0.40954324094978345
74,bert-base-uncased,_mean_pooling_no_cls_and_sep_9,1,12,0.3836355515680582,0.24952845783156177,0.44739168393689005,0.5012101233182742,0.46595038809413314,,,0.40954324094978345
75,bert-base-uncased,_concat_cls_layer_with_mean_pooling_9,1,12,0.3430795141081474,0.21064994932384015,0.3674471935574084,0.40757894186758226,0.42370826513248006,,,0.35049277279789165
76,bert-base-uncased,_concat_cls_layer_with_mean_pooling_no_cls_and_sep_9,1,12,0.3430795141081474,0.21064994932384015,0.3674471935574084,0.40757894186758226,0.42370826513248006,,,0.35049277279789165
77,bert-base-uncased,_concat_3_tokens_mean_pooling_9,1,12,0.3448481298100446,0.16486404067170904,0.3568496835037765,0.4386246124017582,0.35232836869986645,,,0.3315029670174309
78,bert-base-uncased,_concat_5_tokens_mean_pooling_9,1,12,0.31534298434251967,0.1163821170807593,0.3048591752646544,0.37847488403574986,0.32189926702942045,,,0.2873916855506208
79,bert-base-uncased,_concat_3_tokens_mean_pooling_no_cls_and_sep_9,1,12,0.3448481298100446,0.16486404067170904,0.3568496835037765,0.4386246124017582,0.35232836869986645,,,0.3315029670174309
80,bert-base-uncased,_concat_5_tokens_mean_pooling_no_cls_and_sep_9,1,12,0.31534298434251967,0.1163821170807593,0.3048591752646544,0.37847488403574986,0.32189926702942045,,,0.2873916855506208
81,bert-base-uncased,_cls_layer_10,1,12,0.25495362399918664,0.18543605043546177,0.25825569679021315,0.2931057923535135,0.3625159457772419,,,0.2708534218711233
82,bert-base-uncased,_mean_pooling_10,1,12,0.39852106581918967,0.30610148514511787,0.47901354853618505,0.5239332665862253,0.511117021653831,,,0.44373727754810977
83,bert-base-uncased,_mean_pooling_no_cls_and_sep_10,1,12,0.39852106581918967,0.30610148514511787,0.47901354853618505,0.5239332665862253,0.511117021653831,,,0.44373727754810977
84,bert-base-uncased,_concat_cls_layer_with_mean_pooling_10,1,12,0.3390911472079764,0.23625282135421521,0.3744869894016083,0.4187339272289134,0.449444174711526,,,0.36360181198084784
85,bert-base-uncased,_concat_cls_layer_with_mean_pooling_no_cls_and_sep_10,1,12,0.3390911472079764,0.23625282135421521,0.3744869894016083,0.4187339272289134,0.449444174711526,,,0.36360181198084784
86,bert-base-uncased,_concat_3_tokens_mean_pooling_10,1,12,0.359933606535279,0.2186035864268633,0.3956898644938908,0.4689593246275631,0.40364367527831424,,,0.3693660114723821
87,bert-base-uncased,_concat_5_tokens_mean_pooling_10,1,12,0.32778532160946383,0.17660607546564785,0.3412667680839833,0.41151901347351927,0.369204402475233,,,0.3252763162215695
88,bert-base-uncased,_concat_3_tokens_mean_pooling_no_cls_and_sep_10,1,12,0.359933606535279,0.2186035864268633,0.3956898644938908,0.4689593246275631,0.40364367527831424,,,0.3693660114723821
89,bert-base-uncased,_concat_5_tokens_mean_pooling_no_cls_and_sep_10,1,12,0.32778532160946383,0.17660607546564785,0.3412667680839833,0.41151901347351927,0.369204402475233,,,0.3252763162215695
90,bert-base-uncased,_cls_layer_11,1,12,0.252731004014695,0.18775475418006696,0.27651187978366126,0.3449296074074274,0.404321303306865,,,0.2932497097385431
91,bert-base-uncased,_mean_pooling_11,1,12,0.40346594119357143,0.3364655518670596,0.49422382212738863,0.5319203389010276,0.5440378100267689,,,0.4620226928231633
92,bert-base-uncased,_mean_pooling_no_cls_and_sep_11,1,12,0.40346594119357143,0.3364655518670596,0.49422382212738863,0.5319203389010276,0.5440378100267689,,,0.4620226928231633
93,bert-base-uncased,_concat_cls_layer_with_mean_pooling_11,1,12,0.3454172394905434,0.25949389783068194,0.4115366052285254,0.46085354845607124,0.49524504095245286,,,0.394509266391655
94,bert-base-uncased,_concat_cls_layer_with_mean_pooling_no_cls_and_sep_11,1,12,0.3454172394905434,0.25949389783068194,0.4115366052285254,0.46085354845607124,0.49524504095245286,,,0.394509266391655
95,bert-base-uncased,_concat_3_tokens_mean_pooling_11,1,12,0.3655675701263722,0.24442835635948393,0.4146968895003568,0.4808484831040193,0.4374160054264838,,,0.3885914609033432
96,bert-base-uncased,_concat_5_tokens_mean_pooling_11,1,12,0.33150818586665165,0.19894341681166447,0.36246219251772976,0.4242322057807808,0.39745915678553906,,,0.34292103155247317
97,bert-base-uncased,_concat_3_tokens_mean_pooling_no_cls_and_sep_11,1,12,0.3655675701263722,0.24442835635948393,0.4146968895003568,0.4808484831040193,0.4374160054264838,,,0.3885914609033432
98,bert-base-uncased,_concat_5_tokens_mean_pooling_no_cls_and_sep_11,1,12,0.33150818586665165,0.19894341681166447,0.36246219251772976,0.4242322057807808,0.39745915678553906,,,0.34292103155247317
99,bert-base-uncased,_cls_layer_12,1,12,0.27580966381822286,0.22518090723511153,0.2563033602655517,0.32111130867235377,0.42688012601524844,,,0.3010570732012977
100,bert-base-uncased,_mean_pooling_12,1,12,0.458254994858782,0.45286139327422914,0.5517134435196476,0.6037847897081982,0.6152106589080585,,,0.5363650560537832
101,bert-base-uncased,_mean_pooling_no_cls_and_sep_12,1,12,0.458254994858782,0.45286139327422914,0.5517134435196476,0.6037847897081982,0.6152106589080585,,,0.5363650560537832
102,bert-base-uncased,_concat_cls_layer_with_mean_pooling_12,1,12,0.34854224815684,0.31054110904635296,0.36497195915171776,0.4272530959594906,0.5172748523948019,,,0.39371665294184066
103,bert-base-uncased,_concat_cls_layer_with_mean_pooling_no_cls_and_sep_12,1,12,0.34854224815684,0.31054110904635296,0.36497195915171776,0.4272530959594906,0.5172748523948019,,,0.39371665294184066
104,bert-base-uncased,_concat_3_tokens_mean_pooling_12,1,12,0.4355355185165223,0.38499586735647356,0.5053499826545725,0.5762692853268419,0.5237461231898605,,,0.4851793554088541
105,bert-base-uncased,_concat_5_tokens_mean_pooling_12,1,12,0.40757739782034613,0.3202287580042558,0.4398544870758307,0.5285377184032868,0.4417831477999951,,,0.4275963018207428
106,bert-base-uncased,_concat_3_tokens_mean_pooling_no_cls_and_sep_12,1,12,0.4355355185165223,0.38499586735647356,0.5053499826545725,0.5762692853268419,0.5237461231898605,,,0.4851793554088541
107,bert-base-uncased,_concat_5_tokens_mean_pooling_no_cls_and_sep_12,1,12,0.40757739782034613,0.3202287580042558,0.4398544870758307,0.5285377184032868,0.4417831477999951,,,0.4275963018207428
108,bert-base-uncased,cls_accumulated_last_4_layers,1,12,0.2607721338506834,0.20899848176488853,0.2732538037099659,0.31928049473091835,0.3839175821434957,,,0.28924449923999035
109,bert-base-uncased,mean_pooling_accumulated_last_4_layers,1,12,0.4080968964743306,0.32247175946472173,0.49556886431644703,0.5383754676494938,0.5294923684178323,,,0.45880107126456515
110,bert-base-uncased,mean_pooling_no_cls_and_sep_accumulated_last_4_layers,1,12,0.4962277653900863,0.5200719903534213,0.5836554636335235,0.6468783352879711,0.6386638651362567,,,0.5770994839602518
111,bert-base-uncased,concat_cls_with_mean_pooling_accumulated_last_4_layers,1,12,0.3532267807669292,0.2652945751398672,0.4016041657829201,0.45015339582091973,0.47680429784838446,,,0.3894166430718041
112,bert-base-uncased,concat_cls_with_mean_pooling_no_cls_and_sep_accumulated_last_4_layers,1,12,0.3873730220843014,0.3714032745363418,0.43961894765120046,0.509626454567284,0.5493927939380774,,,0.451482898555441
113,bert-base-uncased,concat_3_tokens_mean_pooling_accumulated_last_4_layers,1,12,0.3652868271381048,0.22554886252968917,0.40623221999516224,0.47835746041791083,0.412728496644524,,,0.3776307733450782
114,bert-base-uncased,concat_5_tokens_mean_pooling_accumulated_last_4_layers,1,12,0.33125181172710316,0.17924715366228713,0.3488735136967153,0.4184376440287612,0.37390935352244487,,,0.33034389532746233
115,bert-base-uncased,concat_3_tokens_mean_pooling_no_cls_and_sep_accumulated_last_4_layers,1,12,0.3729737170133512,0.23341382431499016,0.42104136410510007,0.4792588198812334,0.43136928387279044,,,0.3876114018374931
116,bert-base-uncased,concat_5_tokens_mean_pooling_no_cls_and_sep_accumulated_last_4_layers,1,12,0.3593824378439794,0.1822428528241009,0.3466839501447458,0.4300424043355891,0.39693611046725086,,,0.3430575511231332
117,bert-base-uncased,cls_accumulated_sumall_layers,1,12,0.2871680960457864,0.22326764510459055,0.28261288248868416,0.3153861380020692,0.3989986086647423,,,0.3014866740611745
118,bert-base-uncased,mean_pooling_accumulated_sumall_layers,1,12,0.4589365981416676,0.31893456563004474,0.4973234272104614,0.5441023885269947,0.4941261836374511,,,0.4626846326293239
119,bert-base-uncased,mean_pooling_no_cls_and_sep_accumulated_sumall_layers,1,12,0.5648921409794314,0.5426190568028398,0.6254270039384794,0.6744247306797874,0.6501654218983648,,,0.6115056708597806
120,bert-base-uncased,concat_cls_with_mean_pooling_accumulated_sumall_layers,1,12,0.4380876324742894,0.30863874823848847,0.45260314683622355,0.4890486653983211,0.4786645221657458,,,0.43340854302261367
121,bert-base-uncased,concat_cls_with_mean_pooling_no_cls_and_sep_accumulated_sumall_layers,1,12,0.4981637795237729,0.4558104304301664,0.5427674875417688,0.5924699830431256,0.6067111057071611,,,0.5391845572491989
122,bert-base-uncased,concat_3_tokens_mean_pooling_accumulated_sumall_layers,1,12,0.38248747432132707,0.1935623417949499,0.3724401750170825,0.44537634305515417,0.3469826206801435,,,0.34816979097373146
123,bert-base-uncased,concat_5_tokens_mean_pooling_accumulated_sumall_layers,1,12,0.32772714271809267,0.14184923849770878,0.30751572061828575,0.35910529737743035,0.313686992954544,,,0.28997687843321235
124,bert-base-uncased,concat_3_tokens_mean_pooling_no_cls_and_sep_accumulated_sumall_layers,1,12,0.3890384565518092,0.21052778788739288,0.3914681392318145,0.44570367463316174,0.3844233931585873,,,0.3642322902925531
125,bert-base-uncased,concat_5_tokens_mean_pooling_no_cls_and_sep_accumulated_sumall_layers,1,12,0.3576054789308181,0.14545178666001082,0.3062366076813205,0.3827610838121563,0.34776908993994937,,,0.307964809404851
126,roberta-base,_cls_layer_1,1,12,0.36006230470557543,0.13998644126256385,0.20902480114705982,0.27713655524253283,0.3051297250089824,,,0.25826796547334285
127,roberta-base,_mean_pooling_1,1,12,0.29849257005134416,0.15462049188522276,0.20261677456943283,0.2957633356485336,0.16406385911367813,,,0.22311140625364229
128,roberta-base,_mean_pooling_no_cls_and_sep_1,1,12,0.29849257005134416,0.15462049188522276,0.20261677456943283,0.2957633356485336,0.16406385911367813,,,0.22311140625364229
129,roberta-base,_concat_cls_layer_with_mean_pooling_1,1,12,0.30719597930450265,0.16529462841928308,0.2161085479871309,0.30693205143736135,0.1683586041196144,,,0.23277796225357847
130,roberta-base,_concat_cls_layer_with_mean_pooling_no_cls_and_sep_1,1,12,0.30719597930450265,0.16529462841928308,0.2161085479871309,0.30693205143736135,0.1683586041196144,,,0.23277796225357847
131,roberta-base,_concat_3_tokens_mean_pooling_1,1,12,0.3316606919571841,0.045742364618083765,0.12360489372365346,0.2131764391863439,0.1243966721854324,,,0.16771621233413953
132,roberta-base,_concat_5_tokens_mean_pooling_1,1,12,0.3159878642017723,0.045148676144549094,0.14767597493647752,0.14133457872625937,0.14002658180719624,,,0.1580347351632509
133,roberta-base,_concat_3_tokens_mean_pooling_no_cls_and_sep_1,1,12,0.3316606919571841,0.045742364618083765,0.12360489372365346,0.2131764391863439,0.1243966721854324,,,0.16771621233413953
134,roberta-base,_concat_5_tokens_mean_pooling_no_cls_and_sep_1,1,12,0.3159878642017723,0.045148676144549094,0.14767597493647752,0.14133457872625937,0.14002658180719624,,,0.1580347351632509
135,roberta-base,_cls_layer_2,1,12,0.3924877793200286,0.16628288063828275,0.24002784067467253,0.29260215017505725,0.3603913255962722,,,0.2903583952808627
136,roberta-base,_mean_pooling_2,1,12,0.32222568430556586,0.14415272309616486,0.1991656920944257,0.2724943332481819,0.1669128441210126,,,0.22099025537307018
137,roberta-base,_mean_pooling_no_cls_and_sep_2,1,12,0.32222568430556586,0.14415272309616486,0.1991656920944257,0.2724943332481819,0.1669128441210126,,,0.22099025537307018
138,roberta-base,_concat_cls_layer_with_mean_pooling_2,1,12,0.3210079117880153,0.14397952369523762,0.1993547904791987,0.27455823622887615,0.16460289330122213,,,0.22070067109851
139,roberta-base,_concat_cls_layer_with_mean_pooling_no_cls_and_sep_2,1,12,0.3210079117880153,0.14397952369523762,0.1993547904791987,0.27455823622887615,0.16460289330122213,,,0.22070067109851
140,roberta-base,_concat_3_tokens_mean_pooling_2,1,12,0.350424789974333,0.05125739390456272,0.13124524358400036,0.21641312589359218,0.11458486091964575,,,0.1727850828552268
141,roberta-base,_concat_5_tokens_mean_pooling_2,1,12,0.33479336574124235,0.046409787874055454,0.153489136360071,0.14427592250255997,0.1312767148351206,,,0.16204898546260987
142,roberta-base,_concat_3_tokens_mean_pooling_no_cls_and_sep_2,1,12,0.350424789974333,0.05125739390456272,0.13124524358400036,0.21641312589359218,0.11458486091964575,,,0.1727850828552268
143,roberta-base,_concat_5_tokens_mean_pooling_no_cls_and_sep_2,1,12,0.33479336574124235,0.046409787874055454,0.153489136360071,0.14427592250255997,0.1312767148351206,,,0.16204898546260987
144,roberta-base,_cls_layer_3,1,12,0.3902674411462079,0.1755945061142716,0.25397610540926313,0.3094605476514559,0.38167254714267596,,,0.3021942294927749
145,roberta-base,_mean_pooling_3,1,12,0.3129918417334448,0.1303914126986302,0.18226372763922924,0.27277176367623673,0.17717272466327835,,,0.21511829408216387
146,roberta-base,_mean_pooling_no_cls_and_sep_3,1,12,0.3129918417334448,0.1303914126986302,0.18226372763922924,0.27277176367623673,0.17717272466327835,,,0.21511829408216387
147,roberta-base,_concat_cls_layer_with_mean_pooling_3,1,12,0.3139098345391212,0.1308776775776499,0.18295287280844397,0.27519641607045153,0.17416727148708858,,,0.21542081449655104
148,roberta-base,_concat_cls_layer_with_mean_pooling_no_cls_and_sep_3,1,12,0.3139098345391212,0.1308776775776499,0.18295287280844397,0.27519641607045153,0.17416727148708858,,,0.21542081449655104
149,roberta-base,_concat_3_tokens_mean_pooling_3,1,12,0.3466431469868232,0.0503247697294173,0.12622188044198854,0.21445990762496883,0.11258887426502337,,,0.17004771580964423
150,roberta-base,_concat_5_tokens_mean_pooling_3,1,12,0.33113866501920164,0.04209458654312757,0.15037261377664898,0.14740886505840314,0.12691236826496066,,,0.1595854197324684
151,roberta-base,_concat_3_tokens_mean_pooling_no_cls_and_sep_3,1,12,0.3466431469868232,0.0503247697294173,0.12622188044198854,0.21445990762496883,0.11258887426502337,,,0.17004771580964423
152,roberta-base,_concat_5_tokens_mean_pooling_no_cls_and_sep_3,1,12,0.33113866501920164,0.04209458654312757,0.15037261377664898,0.14740886505840314,0.12691236826496066,,,0.1595854197324684
153,roberta-base,_cls_layer_4,1,12,0.35320798652263913,0.15329889771009522,0.22203952820909348,0.29234036398874635,0.35110973882534113,,,0.2743993030511831
154,roberta-base,_mean_pooling_4,1,12,0.3067698273756674,0.11492235783583528,0.16772243170307152,0.2591644859576424,0.17320202374543445,,,0.2043562253235302
155,roberta-base,_mean_pooling_no_cls_and_sep_4,1,12,0.3067698273756674,0.11492235783583528,0.16772243170307152,0.2591644859576424,0.17320202374543445,,,0.2043562253235302
156,roberta-base,_concat_cls_layer_with_mean_pooling_4,1,12,0.30992986272451156,0.11599075768707952,0.16944713446375423,0.2625234103475979,0.17097248378087054,,,0.20577272980076278
157,roberta-base,_concat_cls_layer_with_mean_pooling_no_cls_and_sep_4,1,12,0.30992986272451156,0.11599075768707952,0.16944713446375423,0.2625234103475979,0.17097248378087054,,,0.20577272980076278
158,roberta-base,_concat_3_tokens_mean_pooling_4,1,12,0.33902724965256803,0.044326775182878336,0.12117352180810533,0.2093475744073694,0.1123281066471169,,,0.1652406455396076
159,roberta-base,_concat_5_tokens_mean_pooling_4,1,12,0.3246674944964596,0.03598812696808048,0.14505593088387178,0.14480704761452526,0.12108553474497678,,,0.15432082694158275
160,roberta-base,_concat_3_tokens_mean_pooling_no_cls_and_sep_4,1,12,0.33902724965256803,0.044326775182878336,0.12117352180810533,0.2093475744073694,0.1123281066471169,,,0.1652406455396076
161,roberta-base,_concat_5_tokens_mean_pooling_no_cls_and_sep_4,1,12,0.3246674944964596,0.03598812696808048,0.14505593088387178,0.14480704761452526,0.12108553474497678,,,0.15432082694158275
162,roberta-base,_cls_layer_5,1,12,0.41613386583093037,0.20009617335042237,0.344623155941008,0.40746590598814453,0.4605310914129858,,,0.36577003850469825
163,roberta-base,_mean_pooling_5,1,12,0.3085219284316306,0.11584056923931935,0.17181325286107305,0.2591028402775285,0.17426344271254843,,,0.20590840670441998
164,roberta-base,_mean_pooling_no_cls_and_sep_5,1,12,0.3085219284316306,0.11584056923931935,0.17181325286107305,0.2591028402775285,0.17426344271254843,,,0.20590840670441998
165,roberta-base,_concat_cls_layer_with_mean_pooling_5,1,12,0.31286944188638766,0.1187481649991075,0.17530544361458392,0.26562777128124926,0.1764224307670102,,,0.20979465050966772
166,roberta-base,_concat_cls_layer_with_mean_pooling_no_cls_and_sep_5,1,12,0.31286944188638766,0.1187481649991075,0.17530544361458392,0.26562777128124926,0.1764224307670102,,,0.20979465050966772
167,roberta-base,_concat_3_tokens_mean_pooling_5,1,12,0.3343573533707036,0.04431350382247751,0.12327465536098788,0.20979339507518233,0.10741346095215984,,,0.16383047371630224
168,roberta-base,_concat_5_tokens_mean_pooling_5,1,12,0.3239407032082574,0.033684168693982906,0.1469909671031324,0.14577091895362793,0.11070379412953121,,,0.15221811041770636
169,roberta-base,_concat_3_tokens_mean_pooling_no_cls_and_sep_5,1,12,0.3343573533707036,0.04431350382247751,0.12327465536098788,0.20979339507518233,0.10741346095215984,,,0.16383047371630224
170,roberta-base,_concat_5_tokens_mean_pooling_no_cls_and_sep_5,1,12,0.3239407032082574,0.033684168693982906,0.1469909671031324,0.14577091895362793,0.11070379412953121,,,0.15221811041770636
171,roberta-base,_cls_layer_6,1,12,0.39608785286576353,0.17469467146989873,0.3113545496200864,0.3602707487748512,0.4163811601507562,,,0.33175779657627114
172,roberta-base,_mean_pooling_6,1,12,0.2981140492480206,0.09441667686026249,0.15236288775297244,0.24038577553153892,0.1401476634102149,,,0.18508541056060188
173,roberta-base,_mean_pooling_no_cls_and_sep_6,1,12,0.2981140492480206,0.09441667686026249,0.15236288775297244,0.24038577553153892,0.1401476634102149,,,0.18508541056060188
174,roberta-base,_concat_cls_layer_with_mean_pooling_6,1,12,0.3000171319485227,0.09674855446056478,0.1543049230715882,0.24641098114583748,0.14454160707706168,,,0.18840463954071496
175,roberta-base,_concat_cls_layer_with_mean_pooling_no_cls_and_sep_6,1,12,0.3000171319485227,0.09674855446056478,0.1543049230715882,0.24641098114583748,0.14454160707706168,,,0.18840463954071496
176,roberta-base,_concat_3_tokens_mean_pooling_6,1,12,0.3206607986307793,0.03293097952297199,0.11168925651636959,0.1984841857313372,0.07549308615305171,,,0.14785166131090194
177,roberta-base,_concat_5_tokens_mean_pooling_6,1,12,0.3142622710531383,0.022525103204999102,0.13553031789409,0.1369825413357466,0.07820676349157676,,,0.13750139939591016
178,roberta-base,_concat_3_tokens_mean_pooling_no_cls_and_sep_6,1,12,0.3206607986307793,0.03293097952297199,0.11168925651636959,0.1984841857313372,0.07549308615305171,,,0.14785166131090194
179,roberta-base,_concat_5_tokens_mean_pooling_no_cls_and_sep_6,1,12,0.3142622710531383,0.022525103204999102,0.13553031789409,0.1369825413357466,0.07820676349157676,,,0.13750139939591016
180,roberta-base,_cls_layer_7,1,12,0.40860848813013495,0.16816606067418025,0.3098602850089718,0.3543514430869902,0.3843660558050946,,,0.32507046654107435
181,roberta-base,_mean_pooling_7,1,12,0.31049610237307873,0.11697998529155466,0.18303554886868212,0.2734154707233928,0.1696383899184039,,,0.21071309943502245
182,roberta-base,_mean_pooling_no_cls_and_sep_7,1,12,0.31049610237307873,0.11697998529155466,0.18303554886868212,0.2734154707233928,0.1696383899184039,,,0.21071309943502245
183,roberta-base,_concat_cls_layer_with_mean_pooling_7,1,12,0.3142245149652251,0.1194514171950505,0.1857894459610027,0.27870249946925424,0.17159612353027706,,,0.21395280022416188
184,roberta-base,_concat_cls_layer_with_mean_pooling_no_cls_and_sep_7,1,12,0.3142245149652251,0.1194514171950505,0.1857894459610027,0.27870249946925424,0.17159612353027706,,,0.21395280022416188
185,roberta-base,_concat_3_tokens_mean_pooling_7,1,12,0.3248752733400805,0.051823393794754924,0.1317116755673828,0.21619739146217523,0.09685188730274993,,,0.16429192429342868
186,roberta-base,_concat_5_tokens_mean_pooling_7,1,12,0.31946583174524273,0.03911384403968127,0.15327674769731145,0.15283703232210732,0.09389652527257561,,,0.15171799621538368
187,roberta-base,_concat_3_tokens_mean_pooling_no_cls_and_sep_7,1,12,0.3248752733400805,0.051823393794754924,0.1317116755673828,0.21619739146217523,0.09685188730274993,,,0.16429192429342868
188,roberta-base,_concat_5_tokens_mean_pooling_no_cls_and_sep_7,1,12,0.31946583174524273,0.03911384403968127,0.15327674769731145,0.15283703232210732,0.09389652527257561,,,0.15171799621538368
189,roberta-base,_cls_layer_8,1,12,0.31851331123762894,0.14397508580589166,0.25766224821668005,0.27857158856497344,0.2921533069248342,,,0.25817510815000166
190,roberta-base,_mean_pooling_8,1,12,0.3071955507554694,0.10916253256496267,0.17788619448347176,0.26464352977256456,0.15431084155688354,,,0.2026397298266704
191,roberta-base,_mean_pooling_no_cls_and_sep_8,1,12,0.3071955507554694,0.10916253256496267,0.17788619448347176,0.26464352977256456,0.15431084155688354,,,0.2026397298266704
192,roberta-base,_concat_cls_layer_with_mean_pooling_8,1,12,0.3102365904943677,0.11227646203200026,0.18076351151965228,0.2690454431398114,0.15747913572574118,,,0.20596022858231455
193,roberta-base,_concat_cls_layer_with_mean_pooling_no_cls_and_sep_8,1,12,0.3102365904943677,0.11227646203200026,0.18076351151965228,0.2690454431398114,0.15747913572574118,,,0.20596022858231455
194,roberta-base,_concat_3_tokens_mean_pooling_8,1,12,0.3232650808571424,0.045034969282265726,0.12807117138815835,0.2130559574846143,0.08170660111975156,,,0.1582267560263865
195,roberta-base,_concat_5_tokens_mean_pooling_8,1,12,0.3169087068542538,0.031702831139441,0.15313239112635188,0.14614813442699343,0.08478420523150845,,,0.14653525375570972
196,roberta-base,_concat_3_tokens_mean_pooling_no_cls_and_sep_8,1,12,0.3232650808571424,0.045034969282265726,0.12807117138815835,0.2130559574846143,0.08170660111975156,,,0.1582267560263865
197,roberta-base,_concat_5_tokens_mean_pooling_no_cls_and_sep_8,1,12,0.3169087068542538,0.031702831139441,0.15313239112635188,0.14614813442699343,0.08478420523150845,,,0.14653525375570972
198,roberta-base,_cls_layer_9,1,12,0.25416486108724995,0.12195313917331936,0.19962668466315947,0.23994092785661542,0.24460454865437922,,,0.2120580322869447
199,roberta-base,_mean_pooling_9,1,12,0.308209245147419,0.11507742921439441,0.17731991814129358,0.26504904720982625,0.15966157939107523,,,0.20506344382080172
200,roberta-base,_mean_pooling_no_cls_and_sep_9,1,12,0.308209245147419,0.11507742921439441,0.17731991814129358,0.26504904720982625,0.15966157939107523,,,0.20506344382080172
201,roberta-base,_concat_cls_layer_with_mean_pooling_9,1,12,0.3103082557112984,0.11766116923662497,0.1797759590086653,0.2690710507904427,0.16282201775821814,,,0.20792769050104987
202,roberta-base,_concat_cls_layer_with_mean_pooling_no_cls_and_sep_9,1,12,0.3103082557112984,0.11766116923662497,0.1797759590086653,0.2690710507904427,0.16282201775821814,,,0.20792769050104987
203,roberta-base,_concat_3_tokens_mean_pooling_9,1,12,0.32703785204743596,0.046601273680478644,0.12916939945547865,0.2166428653186993,0.08536983531019457,,,0.16096424516245741
204,roberta-base,_concat_5_tokens_mean_pooling_9,1,12,0.32093000598663635,0.034179673073430145,0.15204061494241475,0.14675693464823197,0.0897418113333105,,,0.14872980799680474
205,roberta-base,_concat_3_tokens_mean_pooling_no_cls_and_sep_9,1,12,0.32703785204743596,0.046601273680478644,0.12916939945547865,0.2166428653186993,0.08536983531019457,,,0.16096424516245741
206,roberta-base,_concat_5_tokens_mean_pooling_no_cls_and_sep_9,1,12,0.32093000598663635,0.034179673073430145,0.15204061494241475,0.14675693464823197,0.0897418113333105,,,0.14872980799680474
207,roberta-base,_cls_layer_10,1,12,0.2566154366937227,0.13239114845119332,0.23648037195801566,0.2921417557817104,0.30154487311063594,,,0.24383471719905564
208,roberta-base,_mean_pooling_10,1,12,0.30992776618894796,0.1064896176600192,0.16019841425947443,0.25032227145780406,0.14534826093725148,,,0.1944572661006994
209,roberta-base,_mean_pooling_no_cls_and_sep_10,1,12,0.30992776618894796,0.1064896176600192,0.16019841425947443,0.25032227145780406,0.14534826093725148,,,0.1944572661006994
210,roberta-base,_concat_cls_layer_with_mean_pooling_10,1,12,0.3081120705689281,0.10795235191912074,0.16074504067956477,0.254894914554573,0.1521062072440886,,,0.19676211699325505
211,roberta-base,_concat_cls_layer_with_mean_pooling_no_cls_and_sep_10,1,12,0.3081120705689281,0.10795235191912074,0.16074504067956477,0.254894914554573,0.1521062072440886,,,0.19676211699325505
212,roberta-base,_concat_3_tokens_mean_pooling_10,1,12,0.3301736870145804,0.03523051936768381,0.11674018160776252,0.20934147607466844,0.06857433616096682,,,0.1520120400451324
213,roberta-base,_concat_5_tokens_mean_pooling_10,1,12,0.324955445149466,0.022405555263019045,0.1370605093099537,0.13981556684892085,0.0758416463133608,,,0.14001574457694407
214,roberta-base,_concat_3_tokens_mean_pooling_no_cls_and_sep_10,1,12,0.3301736870145804,0.03523051936768381,0.11674018160776252,0.20934147607466844,0.06857433616096682,,,0.1520120400451324
215,roberta-base,_concat_5_tokens_mean_pooling_no_cls_and_sep_10,1,12,0.324955445149466,0.022405555263019045,0.1370605093099537,0.13981556684892085,0.0758416463133608,,,0.14001574457694407
216,roberta-base,_cls_layer_11,1,12,0.39118937803234327,0.1807810839837022,0.3684281598761505,0.40307417861248496,0.46589176068396104,,,0.3618729122377284
217,roberta-base,_mean_pooling_11,1,12,0.31434832081183395,0.11062006266103146,0.17250039499550396,0.2613881898426614,0.16447454258892064,,,0.2046663021799903
218,roberta-base,_mean_pooling_no_cls_and_sep_11,1,12,0.31434832081183395,0.11062006266103146,0.17250039499550396,0.2613881898426614,0.16447454258892064,,,0.2046663021799903
219,roberta-base,_concat_cls_layer_with_mean_pooling_11,1,12,0.31365656344333026,0.11268032625841651,0.17462998517559844,0.2675886951760768,0.16948962894051128,,,0.20760903979878664
220,roberta-base,_concat_cls_layer_with_mean_pooling_no_cls_and_sep_11,1,12,0.31365656344333026,0.11268032625841651,0.17462998517559844,0.2675886951760768,0.16948962894051128,,,0.20760903979878664
221,roberta-base,_concat_3_tokens_mean_pooling_11,1,12,0.3383071341773855,0.0418972179636831,0.1262568922100724,0.2214174245833726,0.08230432457255393,,,0.1620365987014135
222,roberta-base,_concat_5_tokens_mean_pooling_11,1,12,0.3317769539009694,0.030449741379528956,0.14315544405936267,0.14709364601447844,0.09172123620604711,,,0.14883940431207732
223,roberta-base,_concat_3_tokens_mean_pooling_no_cls_and_sep_11,1,12,0.3383071341773855,0.0418972179636831,0.1262568922100724,0.2214174245833726,0.08230432457255393,,,0.1620365987014135
224,roberta-base,_concat_5_tokens_mean_pooling_no_cls_and_sep_11,1,12,0.3317769539009694,0.030449741379528956,0.14315544405936267,0.14709364601447844,0.09172123620604711,,,0.14883940431207732
225,roberta-base,_cls_layer_12,1,12,0.42399878379394507,0.30316179175401037,0.4274141143540249,0.5108181390245001,0.5579183025045091,,,0.4446622262861979
226,roberta-base,_mean_pooling_12,1,12,0.29577287462625657,0.11714830724008041,0.17037741321516733,0.25612585036953445,0.22160718381980798,,,0.21220632585416932
227,roberta-base,_mean_pooling_no_cls_and_sep_12,1,12,0.29577287462625657,0.11714830724008041,0.17037741321516733,0.25612585036953445,0.22160718381980798,,,0.21220632585416932
228,roberta-base,_concat_cls_layer_with_mean_pooling_12,1,12,0.30912813993330834,0.13261596529537803,0.19165967202520304,0.28172287594749046,0.2390873581869392,,,0.2308428022776638
229,roberta-base,_concat_cls_layer_with_mean_pooling_no_cls_and_sep_12,1,12,0.30912813993330834,0.13261596529537803,0.19165967202520304,0.28172287594749046,0.2390873581869392,,,0.2308428022776638
230,roberta-base,_concat_3_tokens_mean_pooling_12,1,12,0.3337609008022404,0.04183903721232283,0.1239694396954923,0.22097027064291214,0.11913275173521247,,,0.16793448001763603
231,roberta-base,_concat_5_tokens_mean_pooling_12,1,12,0.32388704382932176,0.03127618105641667,0.1395702690439318,0.14673502395084403,0.1195579177857741,,,0.15220528713325768
232,roberta-base,_concat_3_tokens_mean_pooling_no_cls_and_sep_12,1,12,0.3337609008022404,0.04183903721232283,0.1239694396954923,0.22097027064291214,0.11913275173521247,,,0.16793448001763603
233,roberta-base,_concat_5_tokens_mean_pooling_no_cls_and_sep_12,1,12,0.32388704382932176,0.03127618105641667,0.1395702690439318,0.14673502395084403,0.1195579177857741,,,0.15220528713325768
234,roberta-base,cls_accumulated_last_4_layers,1,12,0.33897879352200616,0.19245036395662343,0.33086982856638625,0.3608599240722283,0.35808085795974065,,,0.3162479536153969
235,roberta-base,mean_pooling_accumulated_last_4_layers,1,12,0.31358058368862796,0.11515980343504433,0.17201677828283904,0.2602537650719046,0.16986281214054433,,,0.20617474852379206
236,roberta-base,mean_pooling_no_cls_and_sep_accumulated_last_4_layers,1,12,0.30075307025085724,0.09698134608905203,0.14311109132432023,0.24449883030987882,0.35019923019610644,,,0.22710871363404292
237,roberta-base,concat_cls_with_mean_pooling_accumulated_last_4_layers,1,12,0.312991657791761,0.11734238727084557,0.17385060505091957,0.26534647934196587,0.17503208206140472,,,0.20891264230337936
238,roberta-base,concat_cls_with_mean_pooling_no_cls_and_sep_accumulated_last_4_layers,1,12,0.30216177760927126,0.09984421684148852,0.1466363220383564,0.2480849949305491,0.35294217212268525,,,0.22993389670847014
239,roberta-base,concat_3_tokens_mean_pooling_accumulated_last_4_layers,1,12,0.3349057500012148,0.04301960954696977,0.1250523880904123,0.21770626133774154,0.08447395226075996,,,0.16103159224741964
240,roberta-base,concat_5_tokens_mean_pooling_accumulated_last_4_layers,1,12,0.32853538609066085,0.031097568199695485,0.14433090937904822,0.14436380514180905,0.09201258312522528,,,0.1480680503872878
241,roberta-base,concat_3_tokens_mean_pooling_no_cls_and_sep_accumulated_last_4_layers,1,12,0.32838936971187127,0.08561751884568525,0.11378770853978627,0.20219107598544556,0.10417393870342269,,,0.1668319223572422
242,roberta-base,concat_5_tokens_mean_pooling_no_cls_and_sep_accumulated_last_4_layers,1,12,0.33069986445525695,0.016605863572958606,0.0836052157792584,0.21628458328630162,0.1662756612861334,,,0.16269423767598182
243,roberta-base,cls_accumulated_sumall_layers,1,12,0.37842494672009397,0.1687921584604564,0.2888613564199753,0.3421651196202328,0.3188970617701826,,,0.29942812859818824
244,roberta-base,mean_pooling_accumulated_sumall_layers,1,12,0.3073349423454421,0.11967806430543815,0.17712096172529881,0.25781195600921825,0.16929123681011166,,,0.20624743223910177
245,roberta-base,mean_pooling_no_cls_and_sep_accumulated_sumall_layers,1,12,0.29408571845188874,0.10020375263037429,0.1392881294435727,0.2445905958537855,0.3361302244356508,,,0.2228596841630544
246,roberta-base,concat_cls_with_mean_pooling_accumulated_sumall_layers,1,12,0.30387514189141834,0.11876666158176068,0.17556819412923574,0.25973940870421786,0.17252996950265945,,,0.2060958751618584
247,roberta-base,concat_cls_with_mean_pooling_no_cls_and_sep_accumulated_sumall_layers,1,12,0.2910715232940325,0.10118279901347403,0.14031665605616664,0.24668797773807022,0.33868124784936093,,,0.22358804079022088
248,roberta-base,concat_3_tokens_mean_pooling_accumulated_sumall_layers,1,12,0.3349757016185738,0.043710991587394395,0.12547792902321572,0.2093688284625844,0.09098161328277074,,,0.16090301279490782
249,roberta-base,concat_5_tokens_mean_pooling_accumulated_sumall_layers,1,12,0.32644133112783047,0.036100990565519304,0.1492750870124024,0.14110745426960225,0.10050753821269653,,,0.1506864802376102
250,roberta-base,concat_3_tokens_mean_pooling_no_cls_and_sep_accumulated_sumall_layers,1,12,0.32737604475171606,0.08736544394259867,0.11279043398402301,0.19625465174931428,0.10539142530842009,,,0.1658355999472144
251,roberta-base,concat_5_tokens_mean_pooling_no_cls_and_sep_accumulated_sumall_layers,1,12,0.32584348119520506,0.013169963802083287,0.08271517540062871,0.21381792065776684,0.17020415380536896,,,0.1611501389722106
